sensor_id,timestamp,temperature,humidity,location,sensor_type
1057,2025-04-08T03:26:07.000Z,20.2,40.34,BuildingB_Floor2,TypeC
1000,2025-04-08T07:48:39.000Z,28.32,51.25,BuildingB_Floor2,TypeB
1007,2025-04-08T00:00:11.000Z,22.92,56.28,BuildingA_Floor2,TypeB
1023,2025-04-10T00:05:02.000Z,24.55,75.54,BuildingB_Floor1,TypeA
1099,2025-04-10T20:19:45.000Z,30.42,65.17,BuildingA_Floor2,TypeA
1015,2025-04-08T07:45:02.000Z,19.83,79.99,BuildingB_Floor1,TypeB
1069,2025-04-10T19:27:27.000Z,19.78,49.86,BuildingA_Floor1,TypeA
1047,2025-04-09T05:37:05.000Z,24.91,53.44,BuildingB_Floor1,TypeC
1083,2025-04-07T19:50:13.000Z,33.74,56.6,BuildingA_Floor1,TypeC
1045,2025-04-09T13:47:50.000Z,32.48,33.94,BuildingA_Floor1,TypeC
1039,2025-04-10T12:20:58.000Z,23.89,48.28,BuildingA_Floor2,TypeC
1078,2025-04-10T17:37:10.000Z,19.56,32.14,BuildingB_Floor2,TypeA
1040,2025-04-09T18:58:10.000Z,28.58,50.9,BuildingB_Floor2,TypeC
1001,2025-04-07T16:25:45.000Z,24.11,68.04,BuildingA_Floor1,TypeA
1074,2025-04-08T09:44:30.000Z,29.29,60.56,BuildingB_Floor2,TypeA
1100,2025-04-07T18:34:43.000Z,21.47,31.28,BuildingA_Floor2,TypeB
1011,2025-04-07T19:19:13.000Z,18.51,35.69,BuildingB_Floor2,TypeA
1037,2025-04-10T06:50:36.000Z,17.12,38.94,BuildingA_Floor2,TypeC
1055,2025-04-09T14:53:32.000Z,21.51,37.82,BuildingA_Floor1,TypeA
1052,2025-04-08T16:59:15.000Z,21.96,56.79,BuildingA_Floor2,TypeC
1092,2025-04-09T02:30:07.000Z,16.21,47.92,BuildingA_Floor1,TypeB
1024,2025-04-08T20:06:31.000Z,25.09,31.8,BuildingB_Floor1,TypeA
1039,2025-04-08T15:20:02.000Z,27.35,50.63,BuildingA_Floor2,TypeB
1017,2025-04-11T13:43:40.000Z,24.73,43.87,BuildingB_Floor1,TypeB
1069,2025-04-10T16:44:21.000Z,24.92,75.84,BuildingA_Floor1,TypeB
1044,2025-04-11T03:54:37.000Z,29.87,69.02,BuildingA_Floor2,TypeA
1017,2025-04-10T18:23:36.000Z,33.07,76.57,BuildingA_Floor2,TypeC
1071,2025-04-11T22:55:40.000Z,26.72,43.12,BuildingB_Floor1,TypeC
1024,2025-04-08T02:54:44.000Z,18.46,50.11,BuildingA_Floor1,TypeA
1081,2025-04-11T11:26:07.000Z,15.37,43.78,BuildingB_Floor1,TypeB
1085,2025-04-11T02:55:37.000Z,24.27,43.81,BuildingA_Floor1,TypeC
1031,2025-04-07T09:44:02.000Z,16.77,73.96,BuildingB_Floor2,TypeC
1067,2025-04-10T08:32:39.000Z,27.04,48.55,BuildingA_Floor2,TypeA
1000,2025-04-07T15:02:38.000Z,25.71,35.1,BuildingB_Floor2,TypeA
1009,2025-04-07T14:14:03.000Z,20.87,49.22,BuildingA_Floor1,TypeB
1073,2025-04-07T18:41:00.000Z,33.74,33.08,BuildingB_Floor1,TypeC
1044,2025-04-09T07:11:00.000Z,31.25,75.79,BuildingA_Floor2,TypeB
1057,2025-04-10T15:13:45.000Z,15.86,47.59,BuildingA_Floor1,TypeA
1011,2025-04-11T15:15:14.000Z,31.57,64.69,BuildingA_Floor2,TypeC
1008,2025-04-10T14:20:45.000Z,31.99,47.07,BuildingA_Floor1,TypeC
1031,2025-04-08T07:55:55.000Z,30.82,33.2,BuildingA_Floor1,TypeC
1065,2025-04-09T16:53:53.000Z,33.59,58.1,BuildingB_Floor1,TypeA
1077,2025-04-11T00:58:03.000Z,31.67,36.09,BuildingA_Floor2,TypeA
1051,2025-04-08T23:39:30.000Z,27.15,52.64,BuildingA_Floor2,TypeB
1091,2025-04-07T13:47:23.000Z,17.53,32.63,BuildingB_Floor1,TypeB
1041,2025-04-11T06:39:15.000Z,18.28,69.5,BuildingB_Floor1,TypeC
1030,2025-04-07T15:15:35.000Z,16.71,33.02,BuildingA_Floor1,TypeB
1079,2025-04-11T11:58:29.000Z,32.3,59.26,BuildingB_Floor1,TypeA
1074,2025-04-10T09:37:58.000Z,26.87,40.97,BuildingB_Floor1,TypeC
1050,2025-04-09T07:58:32.000Z,30.16,73.69,BuildingB_Floor1,TypeB
1031,2025-04-07T23:16:43.000Z,31.19,55.15,BuildingB_Floor1,TypeC
1033,2025-04-09T20:05:40.000Z,33.6,64.81,BuildingB_Floor2,TypeA
1057,2025-04-08T16:24:36.000Z,30.05,47.57,BuildingB_Floor2,TypeC
1083,2025-04-10T09:32:37.000Z,18.38,74.14,BuildingB_Floor2,TypeC
1078,2025-04-10T14:59:50.000Z,21.34,51.15,BuildingB_Floor2,TypeB
1006,2025-04-07T11:43:06.000Z,32.99,44.9,BuildingB_Floor1,TypeA
1023,2025-04-07T13:56:50.000Z,29.57,47.51,BuildingA_Floor2,TypeA
1015,2025-04-08T13:58:52.000Z,26.48,31.88,BuildingA_Floor1,TypeB
1082,2025-04-07T12:52:37.000Z,29.12,45.46,BuildingB_Floor2,TypeB
1090,2025-04-11T16:07:11.000Z,27.84,79.24,BuildingB_Floor1,TypeC
1016,2025-04-08T23:59:27.000Z,26.85,43.65,BuildingB_Floor2,TypeC
1025,2025-04-08T15:33:52.000Z,31.34,60.44,BuildingB_Floor2,TypeA
1092,2025-04-08T09:45:44.000Z,26.77,34.81,BuildingA_Floor2,TypeB
1069,2025-04-08T12:02:07.000Z,19.45,49.95,BuildingA_Floor2,TypeB
1073,2025-04-07T07:26:07.000Z,26.51,39.37,BuildingA_Floor2,TypeA
1086,2025-04-10T18:27:30.000Z,23.01,79.58,BuildingA_Floor2,TypeB
1100,2025-04-11T23:49:43.000Z,18.64,62.83,BuildingA_Floor1,TypeC
1008,2025-04-08T02:44:42.000Z,21.58,61.25,BuildingA_Floor2,TypeB
1028,2025-04-11T09:10:02.000Z,21.14,78.6,BuildingB_Floor2,TypeC
1017,2025-04-08T23:17:08.000Z,15.28,77.48,BuildingB_Floor2,TypeA
1007,2025-04-09T07:22:31.000Z,25.52,46.26,BuildingB_Floor2,TypeC
1099,2025-04-09T06:32:17.000Z,29.08,36.88,BuildingB_Floor2,TypeC
1031,2025-04-12T02:47:20.000Z,27.05,51.61,BuildingA_Floor1,TypeC
1006,2025-04-10T01:35:12.000Z,15.04,35.33,BuildingB_Floor1,TypeA
1051,2025-04-11T07:41:46.000Z,18.82,34.19,BuildingA_Floor2,TypeB
1069,2025-04-07T03:45:57.000Z,24.91,39.37,BuildingB_Floor2,TypeB
1070,2025-04-08T06:04:49.000Z,31.45,77.66,BuildingB_Floor2,TypeB
1071,2025-04-07T06:35:28.000Z,21.12,30.42,BuildingA_Floor2,TypeB
1072,2025-04-11T01:11:22.000Z,19.97,32.45,BuildingA_Floor2,TypeC
1022,2025-04-10T05:35:41.000Z,26.12,75.99,BuildingA_Floor1,TypeA
1000,2025-04-12T01:36:39.000Z,20.54,68.25,BuildingA_Floor1,TypeA
1011,2025-04-11T16:57:40.000Z,17.47,61.04,BuildingA_Floor2,TypeC
1063,2025-04-08T08:19:59.000Z,28.65,31.33,BuildingA_Floor1,TypeA
1056,2025-04-11T20:47:40.000Z,18.27,52.6,BuildingA_Floor2,TypeC
1037,2025-04-07T20:42:57.000Z,28.07,75.08,BuildingA_Floor2,TypeB
1033,2025-04-09T01:05:02.000Z,21.11,71.54,BuildingB_Floor2,TypeB
1045,2025-04-10T03:53:41.000Z,24.24,49.76,BuildingA_Floor2,TypeC
1029,2025-04-08T03:18:27.000Z,27.8,38.21,BuildingB_Floor1,TypeA
1084,2025-04-07T16:19:59.000Z,27.18,35.53,BuildingB_Floor1,TypeA
1087,2025-04-07T05:25:07.000Z,26.13,62.73,BuildingB_Floor1,TypeC
1100,2025-04-09T08:14:22.000Z,19.96,45.95,BuildingB_Floor2,TypeC
1031,2025-04-08T22:40:06.000Z,31.37,51.43,BuildingA_Floor1,TypeC
1074,2025-04-10T09:40:43.000Z,18.74,53.62,BuildingA_Floor2,TypeB
1029,2025-04-07T23:32:59.000Z,15.81,34.2,BuildingB_Floor2,TypeB
1047,2025-04-08T03:05:44.000Z,32.1,54.21,BuildingA_Floor1,TypeA
1037,2025-04-07T15:01:19.000Z,34.1,50.47,BuildingB_Floor2,TypeB
1054,2025-04-07T12:18:40.000Z,29.81,60.32,BuildingB_Floor2,TypeC
1045,2025-04-11T13:10:09.000Z,16.56,62.27,BuildingA_Floor2,TypeA
1027,2025-04-10T15:14:09.000Z,17.26,56.76,BuildingB_Floor1,TypeC
1078,2025-04-08T20:35:35.000Z,21.26,41.81,BuildingB_Floor2,TypeA
1063,2025-04-10T20:03:06.000Z,30.38,32.5,BuildingB_Floor2,TypeC
1061,2025-04-11T18:54:18.000Z,24.04,44.02,BuildingB_Floor2,TypeB
1090,2025-04-08T06:45:35.000Z,28.15,38.83,BuildingA_Floor2,TypeC
1068,2025-04-08T16:55:36.000Z,27.44,55.25,BuildingA_Floor2,TypeC
1011,2025-04-07T16:24:17.000Z,20.47,43.78,BuildingB_Floor2,TypeA
1069,2025-04-09T06:06:02.000Z,23.48,42.59,BuildingB_Floor1,TypeA
1080,2025-04-10T09:46:58.000Z,33.88,54.6,BuildingA_Floor2,TypeC
1068,2025-04-07T19:50:22.000Z,32.33,42.79,BuildingB_Floor2,TypeC
1094,2025-04-07T05:13:11.000Z,31.41,52.47,BuildingA_Floor1,TypeB
1083,2025-04-09T13:02:18.000Z,20.89,74.8,BuildingA_Floor2,TypeC
1095,2025-04-07T16:11:15.000Z,23.59,40.76,BuildingB_Floor2,TypeA
1018,2025-04-08T01:22:06.000Z,33.03,57.47,BuildingB_Floor1,TypeA
1056,2025-04-07T03:14:04.000Z,21.57,63.93,BuildingB_Floor1,TypeB
1070,2025-04-10T22:08:31.000Z,34.95,43.94,BuildingA_Floor1,TypeA
1041,2025-04-10T04:53:26.000Z,22.01,38.55,BuildingA_Floor1,TypeA
1050,2025-04-10T13:53:13.000Z,22.01,64.3,BuildingA_Floor1,TypeA
1031,2025-04-08T08:24:08.000Z,31.43,58.63,BuildingB_Floor2,TypeC
1046,2025-04-09T23:01:21.000Z,18.38,31.91,BuildingB_Floor1,TypeA
1033,2025-04-09T11:06:47.000Z,17.95,53.02,BuildingA_Floor1,TypeB
1054,2025-04-08T05:19:09.000Z,27.35,58.74,BuildingA_Floor1,TypeC
1006,2025-04-08T07:00:17.000Z,21.66,79.38,BuildingB_Floor1,TypeB
1030,2025-04-09T03:49:34.000Z,33.76,72.35,BuildingA_Floor1,TypeA
1097,2025-04-10T00:55:23.000Z,21.2,56.08,BuildingB_Floor2,TypeB
1014,2025-04-08T02:39:13.000Z,33.39,43.65,BuildingB_Floor1,TypeB
1070,2025-04-09T17:47:19.000Z,15.21,48.52,BuildingA_Floor1,TypeC
1018,2025-04-11T03:55:25.000Z,27.22,67.56,BuildingB_Floor2,TypeC
1016,2025-04-10T13:11:34.000Z,18.3,49.02,BuildingA_Floor2,TypeC
1083,2025-04-07T14:31:40.000Z,18.1,33.33,BuildingB_Floor2,TypeA
1026,2025-04-10T20:11:49.000Z,33.99,52.81,BuildingA_Floor2,TypeB
1024,2025-04-11T22:12:32.000Z,33.24,65.71,BuildingB_Floor2,TypeC
1051,2025-04-10T16:43:30.000Z,27.09,48.33,BuildingA_Floor2,TypeB
1001,2025-04-07T19:46:07.000Z,28.99,58.41,BuildingB_Floor1,TypeC
1044,2025-04-11T23:48:44.000Z,27.4,68.56,BuildingA_Floor1,TypeC
1073,2025-04-10T06:44:51.000Z,17.76,64.11,BuildingA_Floor2,TypeB
1084,2025-04-10T17:47:11.000Z,17.6,78.52,BuildingB_Floor2,TypeA
1067,2025-04-12T02:18:22.000Z,32.6,71.67,BuildingA_Floor1,TypeC
1039,2025-04-07T16:01:11.000Z,31.32,56.8,BuildingB_Floor1,TypeB
1047,2025-04-11T15:18:34.000Z,29.7,59.19,BuildingA_Floor1,TypeA
1095,2025-04-10T04:46:15.000Z,23.09,68.72,BuildingA_Floor2,TypeC
1055,2025-04-10T12:58:07.000Z,22.69,61.94,BuildingB_Floor2,TypeC
1072,2025-04-08T08:12:04.000Z,26.87,62.24,BuildingB_Floor2,TypeA
1017,2025-04-10T02:17:23.000Z,23.49,31.74,BuildingB_Floor2,TypeC
1031,2025-04-10T16:06:48.000Z,29.03,78.87,BuildingA_Floor1,TypeA
1013,2025-04-11T12:23:07.000Z,26.81,56.92,BuildingB_Floor1,TypeB
1009,2025-04-07T16:21:37.000Z,30.8,67.12,BuildingB_Floor1,TypeC
1055,2025-04-08T17:56:40.000Z,23.77,55.89,BuildingA_Floor1,TypeB
1098,2025-04-08T12:36:35.000Z,27.42,59.88,BuildingB_Floor2,TypeA
1061,2025-04-11T10:36:50.000Z,23.03,66.87,BuildingA_Floor2,TypeA
1053,2025-04-11T19:15:58.000Z,31.63,35.48,BuildingA_Floor1,TypeC
1020,2025-04-09T14:15:54.000Z,32.01,47.7,BuildingA_Floor1,TypeA
1020,2025-04-08T00:09:40.000Z,16.42,56.15,BuildingB_Floor1,TypeB
1039,2025-04-08T12:54:28.000Z,24.52,44.97,BuildingB_Floor2,TypeA
1061,2025-04-09T06:13:49.000Z,27.82,61.7,BuildingA_Floor2,TypeB
1097,2025-04-08T14:23:17.000Z,15.9,59.5,BuildingB_Floor2,TypeC
1040,2025-04-09T19:00:39.000Z,19.22,60.11,BuildingA_Floor2,TypeB
1002,2025-04-10T08:08:54.000Z,21.67,74.27,BuildingA_Floor1,TypeB
1078,2025-04-08T01:15:37.000Z,18.68,32.61,BuildingB_Floor1,TypeB
1082,2025-04-12T01:49:35.000Z,15.98,60.35,BuildingB_Floor2,TypeC
1094,2025-04-10T20:00:49.000Z,25.24,52.42,BuildingA_Floor2,TypeA
1064,2025-04-08T09:46:29.000Z,18.93,64.64,BuildingB_Floor2,TypeB
1018,2025-04-09T08:59:25.000Z,19.55,65.48,BuildingB_Floor1,TypeB
1026,2025-04-08T12:43:26.000Z,19.07,61.25,BuildingA_Floor2,TypeB
1006,2025-04-08T01:51:59.000Z,21.43,70.8,BuildingA_Floor2,TypeC
1031,2025-04-07T03:43:49.000Z,24.81,67.3,BuildingB_Floor2,TypeB
1062,2025-04-10T07:56:38.000Z,31.65,70.07,BuildingA_Floor2,TypeC
1004,2025-04-11T09:10:48.000Z,18.82,44.78,BuildingB_Floor2,TypeA
1023,2025-04-11T19:04:55.000Z,25.06,74.12,BuildingB_Floor2,TypeA
1060,2025-04-07T23:14:06.000Z,15.87,34.3,BuildingA_Floor2,TypeB
1086,2025-04-11T17:05:37.000Z,15.62,37.5,BuildingA_Floor1,TypeA
1003,2025-04-08T15:01:19.000Z,30.38,42.86,BuildingA_Floor1,TypeB
1013,2025-04-09T00:41:49.000Z,33.62,31.92,BuildingA_Floor2,TypeB
1004,2025-04-10T20:22:25.000Z,19.39,38.01,BuildingB_Floor1,TypeA
1067,2025-04-11T01:08:32.000Z,33.23,70.64,BuildingA_Floor1,TypeA
1085,2025-04-08T16:56:17.000Z,25.77,72.39,BuildingA_Floor2,TypeC
1001,2025-04-07T14:05:45.000Z,25.74,66.63,BuildingA_Floor1,TypeB
1067,2025-04-10T10:49:10.000Z,21.41,54.54,BuildingA_Floor2,TypeB
1006,2025-04-08T19:29:50.000Z,19.97,48.61,BuildingB_Floor2,TypeA
1053,2025-04-12T01:06:07.000Z,32.94,46.9,BuildingB_Floor1,TypeC
1065,2025-04-11T07:26:46.000Z,21.23,43.31,BuildingB_Floor1,TypeA
1046,2025-04-10T13:18:00.000Z,32.66,59.96,BuildingB_Floor1,TypeA
1095,2025-04-10T19:46:49.000Z,26.08,62.52,BuildingA_Floor1,TypeC
1045,2025-04-10T06:40:30.000Z,26.62,38.33,BuildingB_Floor2,TypeB
1074,2025-04-08T21:08:31.000Z,28.89,50.0,BuildingA_Floor1,TypeB
1006,2025-04-07T05:50:18.000Z,28.43,67.45,BuildingA_Floor2,TypeC
1047,2025-04-08T13:14:55.000Z,28.12,47.91,BuildingA_Floor1,TypeA
1084,2025-04-09T00:18:24.000Z,20.02,45.35,BuildingA_Floor1,TypeC
1041,2025-04-08T15:16:44.000Z,21.98,36.02,BuildingA_Floor1,TypeB
1077,2025-04-11T23:34:56.000Z,19.92,64.38,BuildingA_Floor1,TypeB
1071,2025-04-07T12:55:04.000Z,34.05,43.24,BuildingA_Floor1,TypeB
1064,2025-04-07T14:02:59.000Z,20.58,52.1,BuildingB_Floor1,TypeB
1042,2025-04-11T00:49:41.000Z,23.76,30.61,BuildingB_Floor2,TypeC
1002,2025-04-10T08:55:51.000Z,20.89,66.92,BuildingB_Floor2,TypeB
1030,2025-04-09T09:23:06.000Z,32.81,76.56,BuildingA_Floor2,TypeC
1056,2025-04-07T06:39:32.000Z,24.37,60.58,BuildingB_Floor2,TypeB
1014,2025-04-08T21:29:04.000Z,26.08,52.95,BuildingB_Floor2,TypeC
1086,2025-04-09T02:04:41.000Z,27.05,46.56,BuildingB_Floor1,TypeB
1021,2025-04-07T10:01:15.000Z,22.0,35.97,BuildingA_Floor2,TypeC
1014,2025-04-08T14:37:22.000Z,18.33,69.62,BuildingA_Floor2,TypeC
1032,2025-04-07T04:54:51.000Z,17.45,51.16,BuildingB_Floor2,TypeC
1005,2025-04-11T11:32:49.000Z,16.42,37.4,BuildingB_Floor2,TypeC
1010,2025-04-11T19:55:22.000Z,24.37,72.35,BuildingB_Floor2,TypeB
1055,2025-04-08T22:09:56.000Z,17.4,30.75,BuildingA_Floor1,TypeA
1076,2025-04-09T08:41:58.000Z,23.64,51.73,BuildingB_Floor2,TypeA
1029,2025-04-11T08:33:31.000Z,34.43,66.84,BuildingB_Floor2,TypeA
1046,2025-04-09T01:58:22.000Z,28.13,44.26,BuildingB_Floor1,TypeB
1075,2025-04-11T09:13:38.000Z,22.51,54.95,BuildingB_Floor2,TypeA
1093,2025-04-09T17:51:45.000Z,33.7,75.92,BuildingA_Floor1,TypeA
1098,2025-04-08T04:56:04.000Z,28.31,39.17,BuildingA_Floor2,TypeA
1014,2025-04-09T18:55:28.000Z,30.54,48.88,BuildingA_Floor2,TypeA
1095,2025-04-07T11:04:05.000Z,34.7,71.23,BuildingB_Floor2,TypeA
1002,2025-04-09T01:39:40.000Z,28.28,53.3,BuildingA_Floor1,TypeA
1013,2025-04-08T22:34:32.000Z,23.42,48.51,BuildingB_Floor2,TypeB
1042,2025-04-10T02:21:23.000Z,16.23,79.58,BuildingA_Floor2,TypeC
1018,2025-04-09T17:16:45.000Z,29.71,73.93,BuildingB_Floor2,TypeC
1064,2025-04-07T15:46:04.000Z,33.55,71.78,BuildingB_Floor1,TypeB
1047,2025-04-09T18:54:58.000Z,30.21,66.44,BuildingA_Floor1,TypeA
1000,2025-04-10T18:59:29.000Z,27.9,56.63,BuildingB_Floor1,TypeC
1057,2025-04-09T03:31:35.000Z,29.87,73.53,BuildingB_Floor1,TypeB
1062,2025-04-08T05:27:46.000Z,22.95,34.6,BuildingA_Floor2,TypeB
1016,2025-04-08T14:28:26.000Z,33.26,76.47,BuildingA_Floor2,TypeA
1003,2025-04-12T03:04:48.000Z,31.47,61.1,BuildingB_Floor1,TypeB
1071,2025-04-10T18:56:09.000Z,27.02,41.22,BuildingA_Floor1,TypeA
1058,2025-04-08T02:06:12.000Z,29.33,57.69,BuildingB_Floor1,TypeC
1028,2025-04-10T07:20:27.000Z,28.07,76.78,BuildingB_Floor1,TypeC
1074,2025-04-10T12:28:45.000Z,33.48,42.31,BuildingA_Floor1,TypeB
1064,2025-04-10T15:05:09.000Z,21.79,50.59,BuildingB_Floor2,TypeB
1071,2025-04-10T21:55:38.000Z,30.22,69.96,BuildingA_Floor2,TypeC
1050,2025-04-10T11:37:11.000Z,27.16,65.49,BuildingB_Floor2,TypeC
1086,2025-04-11T00:16:06.000Z,26.06,54.16,BuildingA_Floor2,TypeA
1060,2025-04-11T01:00:43.000Z,18.33,66.93,BuildingB_Floor1,TypeC
1096,2025-04-08T23:53:26.000Z,15.64,42.08,BuildingA_Floor2,TypeA
1090,2025-04-10T16:50:03.000Z,15.9,34.74,BuildingA_Floor2,TypeB
1079,2025-04-09T05:24:59.000Z,24.36,42.28,BuildingB_Floor2,TypeB
1002,2025-04-07T14:02:52.000Z,21.5,78.64,BuildingB_Floor2,TypeC
1040,2025-04-07T19:53:24.000Z,27.52,76.28,BuildingA_Floor1,TypeB
1029,2025-04-11T21:36:33.000Z,19.04,57.25,BuildingB_Floor1,TypeC
1079,2025-04-07T15:24:32.000Z,15.01,71.81,BuildingA_Floor1,TypeC
1071,2025-04-09T18:28:55.000Z,19.28,60.3,BuildingA_Floor1,TypeB
1007,2025-04-07T09:08:30.000Z,22.57,46.74,BuildingB_Floor1,TypeC
1046,2025-04-08T17:01:04.000Z,23.34,77.44,BuildingA_Floor1,TypeC
1055,2025-04-11T00:30:55.000Z,19.25,68.57,BuildingB_Floor2,TypeB
1041,2025-04-09T03:44:04.000Z,31.64,61.27,BuildingB_Floor1,TypeA
1064,2025-04-08T08:57:43.000Z,20.23,47.5,BuildingA_Floor2,TypeB
1066,2025-04-08T16:35:57.000Z,22.12,53.23,BuildingB_Floor2,TypeB
1090,2025-04-09T03:06:03.000Z,24.57,58.46,BuildingB_Floor2,TypeA
1055,2025-04-07T23:46:32.000Z,25.04,46.33,BuildingA_Floor1,TypeA
1075,2025-04-08T19:42:11.000Z,26.89,63.01,BuildingB_Floor2,TypeA
1092,2025-04-10T18:00:39.000Z,32.42,72.18,BuildingB_Floor2,TypeB
1045,2025-04-10T03:19:55.000Z,31.12,49.52,BuildingA_Floor1,TypeA
1003,2025-04-08T15:42:10.000Z,24.4,41.92,BuildingA_Floor1,TypeA
1017,2025-04-10T18:58:36.000Z,31.78,65.43,BuildingB_Floor2,TypeA
1003,2025-04-11T12:20:45.000Z,23.66,39.99,BuildingB_Floor1,TypeB
1043,2025-04-11T03:59:53.000Z,26.86,62.85,BuildingA_Floor1,TypeB
1083,2025-04-08T16:08:26.000Z,19.55,50.31,BuildingA_Floor2,TypeC
1059,2025-04-11T18:24:25.000Z,26.66,79.67,BuildingB_Floor1,TypeB
1084,2025-04-09T01:29:36.000Z,29.44,77.93,BuildingA_Floor2,TypeC
1054,2025-04-10T21:17:45.000Z,23.75,40.42,BuildingB_Floor1,TypeA
1001,2025-04-08T23:16:53.000Z,26.24,74.15,BuildingA_Floor2,TypeB
1096,2025-04-11T06:01:24.000Z,20.55,56.37,BuildingB_Floor2,TypeB
1021,2025-04-10T14:11:12.000Z,17.71,47.84,BuildingB_Floor1,TypeB
1006,2025-04-08T20:54:40.000Z,23.47,50.38,BuildingA_Floor2,TypeC
1068,2025-04-10T00:43:45.000Z,22.69,44.38,BuildingA_Floor2,TypeC
1053,2025-04-09T14:19:26.000Z,30.39,45.61,BuildingB_Floor1,TypeA
1068,2025-04-08T07:07:53.000Z,27.03,43.85,BuildingB_Floor2,TypeC
1045,2025-04-09T03:56:21.000Z,16.55,36.79,BuildingB_Floor1,TypeA
1000,2025-04-07T13:12:27.000Z,21.27,41.5,BuildingB_Floor1,TypeC
1092,2025-04-09T18:08:36.000Z,15.69,38.15,BuildingB_Floor1,TypeA
1045,2025-04-07T23:48:45.000Z,25.17,47.36,BuildingB_Floor2,TypeC
1006,2025-04-09T11:07:17.000Z,29.66,42.35,BuildingA_Floor1,TypeC
1049,2025-04-09T18:14:50.000Z,17.32,36.15,BuildingB_Floor1,TypeB
1067,2025-04-08T20:59:28.000Z,18.68,72.56,BuildingB_Floor2,TypeB
1041,2025-04-11T03:00:58.000Z,22.25,41.43,BuildingB_Floor1,TypeC
1019,2025-04-08T07:34:35.000Z,32.02,67.48,BuildingA_Floor1,TypeB
1045,2025-04-11T17:19:01.000Z,18.07,35.6,BuildingA_Floor2,TypeA
1092,2025-04-10T20:12:54.000Z,16.12,46.44,BuildingA_Floor2,TypeC
1092,2025-04-11T16:00:56.000Z,32.97,58.26,BuildingA_Floor2,TypeC
1053,2025-04-11T13:06:37.000Z,31.96,72.44,BuildingB_Floor1,TypeA
1074,2025-04-09T18:31:53.000Z,33.64,73.99,BuildingB_Floor1,TypeC
1005,2025-04-09T15:47:42.000Z,31.67,73.87,BuildingB_Floor1,TypeB
1060,2025-04-10T08:25:47.000Z,28.62,41.34,BuildingB_Floor1,TypeC
1084,2025-04-09T01:13:59.000Z,34.6,49.84,BuildingB_Floor1,TypeA
1072,2025-04-11T16:23:06.000Z,19.03,61.51,BuildingA_Floor2,TypeA
1039,2025-04-07T04:18:16.000Z,33.31,54.12,BuildingB_Floor2,TypeB
1023,2025-04-08T22:14:11.000Z,20.39,72.39,BuildingB_Floor1,TypeA
1015,2025-04-07T06:29:05.000Z,21.88,57.95,BuildingB_Floor2,TypeC
1016,2025-04-10T16:03:02.000Z,16.57,70.64,BuildingB_Floor1,TypeC
1073,2025-04-10T02:33:29.000Z,18.83,59.91,BuildingB_Floor2,TypeC
1097,2025-04-08T02:21:31.000Z,30.5,59.43,BuildingA_Floor2,TypeC
1036,2025-04-10T02:36:57.000Z,16.65,36.73,BuildingB_Floor1,TypeC
1052,2025-04-09T15:22:45.000Z,20.61,71.45,BuildingA_Floor2,TypeA
1031,2025-04-10T23:41:21.000Z,19.89,62.76,BuildingB_Floor1,TypeB
1090,2025-04-09T19:39:18.000Z,32.19,39.65,BuildingA_Floor2,TypeB
1029,2025-04-11T20:59:50.000Z,23.65,49.43,BuildingB_Floor1,TypeA
1027,2025-04-09T10:05:02.000Z,27.8,33.03,BuildingA_Floor1,TypeB
1043,2025-04-09T12:26:44.000Z,21.72,34.39,BuildingB_Floor2,TypeC
1014,2025-04-10T14:08:53.000Z,34.38,72.7,BuildingB_Floor2,TypeA
1059,2025-04-08T11:08:28.000Z,15.75,33.4,BuildingA_Floor1,TypeC
1083,2025-04-07T10:57:02.000Z,20.23,55.74,BuildingB_Floor2,TypeC
1062,2025-04-09T20:11:43.000Z,19.14,76.85,BuildingB_Floor2,TypeB
1014,2025-04-09T19:02:42.000Z,28.99,57.29,BuildingA_Floor2,TypeB
1042,2025-04-11T10:06:54.000Z,26.6,54.22,BuildingB_Floor2,TypeC
1014,2025-04-08T06:04:36.000Z,31.67,52.6,BuildingA_Floor2,TypeC
1085,2025-04-08T03:21:25.000Z,34.1,76.59,BuildingA_Floor1,TypeC
1054,2025-04-08T00:48:02.000Z,18.82,43.24,BuildingA_Floor1,TypeC
1015,2025-04-09T22:26:24.000Z,20.42,67.72,BuildingB_Floor1,TypeB
1065,2025-04-07T17:28:23.000Z,28.55,68.99,BuildingA_Floor1,TypeB
1092,2025-04-08T23:13:23.000Z,28.27,73.09,BuildingB_Floor2,TypeC
1039,2025-04-11T19:05:38.000Z,15.58,50.98,BuildingA_Floor1,TypeC
1017,2025-04-08T02:39:26.000Z,32.96,35.12,BuildingB_Floor2,TypeB
1060,2025-04-08T22:18:39.000Z,24.12,56.4,BuildingB_Floor1,TypeB
1017,2025-04-09T05:44:47.000Z,18.61,71.58,BuildingA_Floor2,TypeA
1016,2025-04-12T02:28:43.000Z,20.2,50.28,BuildingA_Floor2,TypeC
1011,2025-04-07T08:38:17.000Z,24.43,61.84,BuildingA_Floor1,TypeA
1000,2025-04-10T07:08:37.000Z,23.83,65.52,BuildingB_Floor2,TypeB
1040,2025-04-07T22:08:07.000Z,34.34,51.02,BuildingA_Floor2,TypeA
1035,2025-04-08T23:07:49.000Z,21.85,54.6,BuildingA_Floor2,TypeB
1028,2025-04-09T23:04:32.000Z,28.43,77.87,BuildingB_Floor2,TypeA
1017,2025-04-07T08:15:50.000Z,31.27,34.1,BuildingA_Floor1,TypeB
1000,2025-04-07T12:17:01.000Z,15.41,35.6,BuildingB_Floor1,TypeA
1025,2025-04-07T12:34:54.000Z,15.91,39.15,BuildingA_Floor1,TypeC
1006,2025-04-10T21:56:16.000Z,28.41,72.69,BuildingA_Floor1,TypeC
1033,2025-04-08T14:28:22.000Z,23.57,43.07,BuildingB_Floor1,TypeA
1037,2025-04-07T09:16:12.000Z,15.77,55.79,BuildingB_Floor2,TypeA
1067,2025-04-09T02:31:34.000Z,16.08,30.14,BuildingB_Floor2,TypeC
1098,2025-04-11T23:46:08.000Z,24.0,79.36,BuildingB_Floor2,TypeC
1099,2025-04-07T04:30:51.000Z,17.17,69.82,BuildingA_Floor1,TypeB
1043,2025-04-11T11:37:12.000Z,18.09,43.77,BuildingB_Floor1,TypeA
1033,2025-04-07T22:12:57.000Z,32.77,40.15,BuildingB_Floor2,TypeA
1014,2025-04-11T05:38:05.000Z,28.93,53.05,BuildingA_Floor2,TypeC
1019,2025-04-08T07:33:17.000Z,26.06,31.43,BuildingA_Floor2,TypeB
1089,2025-04-09T01:12:16.000Z,21.99,79.08,BuildingB_Floor2,TypeC
1002,2025-04-08T23:58:33.000Z,25.4,59.42,BuildingA_Floor1,TypeC
1100,2025-04-07T10:22:45.000Z,16.99,45.24,BuildingB_Floor2,TypeA
1058,2025-04-07T14:44:51.000Z,26.92,32.12,BuildingB_Floor2,TypeC
1017,2025-04-10T12:53:31.000Z,18.58,44.55,BuildingA_Floor1,TypeA
1006,2025-04-08T13:21:07.000Z,31.84,30.35,BuildingB_Floor2,TypeB
1052,2025-04-10T10:42:09.000Z,19.85,50.82,BuildingB_Floor1,TypeB
1057,2025-04-11T20:31:49.000Z,29.44,50.98,BuildingB_Floor2,TypeB
1100,2025-04-11T05:58:11.000Z,33.74,30.39,BuildingA_Floor2,TypeA
1072,2025-04-09T22:38:24.000Z,19.44,46.52,BuildingA_Floor1,TypeA
1095,2025-04-09T07:43:31.000Z,29.51,50.87,BuildingB_Floor2,TypeB
1063,2025-04-10T17:22:50.000Z,16.05,45.73,BuildingA_Floor2,TypeA
1032,2025-04-08T18:10:57.000Z,32.59,50.02,BuildingA_Floor1,TypeC
1084,2025-04-11T06:07:24.000Z,28.83,50.02,BuildingA_Floor1,TypeA
1084,2025-04-09T04:18:51.000Z,23.82,42.1,BuildingB_Floor2,TypeC
1082,2025-04-11T04:57:41.000Z,30.26,42.51,BuildingB_Floor1,TypeC
1085,2025-04-08T23:39:39.000Z,25.74,37.1,BuildingA_Floor2,TypeB
1089,2025-04-12T00:44:36.000Z,30.01,41.25,BuildingA_Floor1,TypeB
1044,2025-04-10T18:07:01.000Z,15.04,66.29,BuildingA_Floor1,TypeA
1049,2025-04-11T07:28:45.000Z,18.08,43.04,BuildingA_Floor2,TypeC
1011,2025-04-08T14:24:49.000Z,33.03,69.31,BuildingB_Floor2,TypeB
1019,2025-04-07T13:25:03.000Z,32.91,76.45,BuildingA_Floor2,TypeA
1085,2025-04-10T15:24:18.000Z,22.52,51.23,BuildingA_Floor1,TypeB
1035,2025-04-07T12:30:31.000Z,16.32,45.56,BuildingA_Floor1,TypeC
1041,2025-04-11T15:41:29.000Z,29.0,77.58,BuildingB_Floor1,TypeA
1071,2025-04-08T21:28:45.000Z,34.7,42.67,BuildingA_Floor2,TypeC
1098,2025-04-08T20:45:51.000Z,20.03,79.74,BuildingB_Floor1,TypeC
1048,2025-04-08T09:19:24.000Z,16.64,56.66,BuildingA_Floor2,TypeB
1018,2025-04-10T04:35:30.000Z,31.95,79.66,BuildingB_Floor2,TypeC
1059,2025-04-07T22:00:25.000Z,30.04,60.28,BuildingB_Floor2,TypeB
1074,2025-04-08T23:13:11.000Z,27.95,58.02,BuildingB_Floor1,TypeC
1009,2025-04-08T03:07:57.000Z,21.34,35.5,BuildingA_Floor1,TypeB
1036,2025-04-10T11:23:32.000Z,27.69,32.09,BuildingB_Floor2,TypeA
1058,2025-04-07T20:37:30.000Z,25.25,65.45,BuildingB_Floor1,TypeB
1065,2025-04-11T11:31:37.000Z,16.79,30.95,BuildingA_Floor1,TypeB
1036,2025-04-11T06:37:21.000Z,18.29,68.79,BuildingB_Floor1,TypeB
1099,2025-04-07T09:05:04.000Z,18.77,65.3,BuildingA_Floor1,TypeC
1018,2025-04-08T23:33:33.000Z,17.16,36.25,BuildingA_Floor1,TypeA
1060,2025-04-08T23:40:13.000Z,32.58,65.37,BuildingB_Floor2,TypeB
1091,2025-04-10T00:19:41.000Z,32.1,69.78,BuildingA_Floor2,TypeA
1083,2025-04-10T18:24:24.000Z,19.34,49.38,BuildingA_Floor1,TypeC
1006,2025-04-08T13:44:03.000Z,28.21,59.79,BuildingB_Floor1,TypeA
1003,2025-04-07T10:17:56.000Z,22.02,36.42,BuildingA_Floor1,TypeB
1060,2025-04-09T02:59:59.000Z,19.36,31.0,BuildingA_Floor1,TypeB
1054,2025-04-08T06:41:33.000Z,24.58,42.96,BuildingB_Floor1,TypeC
1012,2025-04-11T23:17:13.000Z,15.54,66.74,BuildingA_Floor2,TypeC
1090,2025-04-07T15:32:52.000Z,29.1,67.52,BuildingA_Floor1,TypeA
1045,2025-04-08T06:35:59.000Z,20.72,45.35,BuildingA_Floor1,TypeC
1051,2025-04-07T21:26:53.000Z,19.74,52.59,BuildingA_Floor2,TypeA
1096,2025-04-09T12:42:09.000Z,31.45,33.1,BuildingB_Floor2,TypeC
1090,2025-04-07T21:58:11.000Z,29.23,66.71,BuildingB_Floor2,TypeB
1078,2025-04-08T09:07:29.000Z,17.96,51.34,BuildingB_Floor1,TypeC
1093,2025-04-09T12:17:18.000Z,19.89,64.32,BuildingB_Floor1,TypeB
1071,2025-04-11T23:50:12.000Z,27.86,34.83,BuildingA_Floor2,TypeC
1077,2025-04-11T18:29:16.000Z,33.83,41.94,BuildingB_Floor2,TypeB
1053,2025-04-10T21:17:48.000Z,23.92,77.73,BuildingB_Floor2,TypeC
1050,2025-04-08T03:39:52.000Z,24.16,45.51,BuildingA_Floor1,TypeA
1100,2025-04-10T04:15:04.000Z,18.98,36.29,BuildingA_Floor2,TypeB
1025,2025-04-10T21:25:33.000Z,25.22,32.04,BuildingB_Floor1,TypeB
1028,2025-04-07T11:28:21.000Z,24.93,30.92,BuildingA_Floor2,TypeB
1085,2025-04-10T10:13:54.000Z,33.92,43.25,BuildingA_Floor1,TypeB
1048,2025-04-09T14:45:02.000Z,20.23,58.83,BuildingB_Floor2,TypeB
1019,2025-04-07T16:05:18.000Z,22.46,78.29,BuildingA_Floor1,TypeA
1100,2025-04-07T14:05:43.000Z,30.96,50.49,BuildingA_Floor2,TypeC
1088,2025-04-10T22:11:42.000Z,16.73,56.97,BuildingB_Floor1,TypeB
1013,2025-04-07T13:27:23.000Z,29.91,66.48,BuildingB_Floor1,TypeC
1012,2025-04-11T07:30:30.000Z,15.93,38.45,BuildingB_Floor2,TypeA
1015,2025-04-08T15:06:52.000Z,30.19,76.68,BuildingA_Floor1,TypeA
1044,2025-04-10T07:48:02.000Z,28.35,73.26,BuildingB_Floor1,TypeB
1065,2025-04-08T10:33:26.000Z,26.91,74.13,BuildingB_Floor2,TypeC
1000,2025-04-08T20:36:07.000Z,18.34,39.01,BuildingA_Floor1,TypeC
1001,2025-04-10T22:58:28.000Z,18.48,57.0,BuildingB_Floor1,TypeC
1097,2025-04-09T17:22:46.000Z,28.61,39.67,BuildingB_Floor1,TypeA
1098,2025-04-11T03:31:39.000Z,30.79,41.89,BuildingB_Floor1,TypeB
1046,2025-04-11T03:59:28.000Z,32.43,55.96,BuildingA_Floor1,TypeC
1001,2025-04-08T06:08:51.000Z,17.12,48.24,BuildingA_Floor1,TypeB
1053,2025-04-09T15:20:18.000Z,25.48,49.15,BuildingA_Floor2,TypeC
1013,2025-04-08T13:34:35.000Z,32.72,59.63,BuildingB_Floor2,TypeB
1012,2025-04-09T13:16:19.000Z,30.32,75.26,BuildingA_Floor2,TypeC
1016,2025-04-08T10:57:03.000Z,19.36,42.15,BuildingB_Floor2,TypeC
1050,2025-04-11T00:14:12.000Z,27.73,54.63,BuildingA_Floor2,TypeB
1029,2025-04-09T19:17:58.000Z,28.81,37.49,BuildingA_Floor1,TypeC
1051,2025-04-07T21:26:03.000Z,25.97,58.2,BuildingB_Floor2,TypeB
1065,2025-04-09T23:43:25.000Z,25.01,48.78,BuildingB_Floor2,TypeB
1028,2025-04-08T23:26:36.000Z,15.96,50.84,BuildingB_Floor2,TypeC
1006,2025-04-10T20:18:53.000Z,31.91,51.61,BuildingA_Floor2,TypeC
1033,2025-04-07T14:13:59.000Z,27.77,40.45,BuildingB_Floor1,TypeB
1013,2025-04-10T08:35:04.000Z,27.08,34.62,BuildingB_Floor2,TypeA
1090,2025-04-09T21:22:45.000Z,20.81,42.88,BuildingA_Floor1,TypeA
1054,2025-04-08T08:31:55.000Z,30.74,78.83,BuildingA_Floor2,TypeC
1097,2025-04-07T16:16:05.000Z,20.56,66.85,BuildingA_Floor2,TypeC
1078,2025-04-09T02:42:42.000Z,21.23,46.78,BuildingA_Floor2,TypeC
1008,2025-04-08T22:19:13.000Z,25.21,36.44,BuildingA_Floor2,TypeC
1067,2025-04-08T08:07:03.000Z,26.06,74.73,BuildingB_Floor2,TypeC
1012,2025-04-10T09:18:16.000Z,16.22,37.84,BuildingA_Floor1,TypeB
1036,2025-04-08T05:19:02.000Z,19.23,39.73,BuildingB_Floor2,TypeB
1091,2025-04-11T16:46:49.000Z,20.3,54.35,BuildingA_Floor2,TypeB
1100,2025-04-09T03:47:16.000Z,28.01,37.09,BuildingB_Floor2,TypeB
1068,2025-04-07T10:12:55.000Z,27.25,42.37,BuildingB_Floor2,TypeB
1002,2025-04-10T12:31:54.000Z,25.2,42.0,BuildingA_Floor1,TypeB
1040,2025-04-10T10:51:56.000Z,30.64,39.07,BuildingA_Floor2,TypeB
1030,2025-04-08T12:32:08.000Z,21.78,75.62,BuildingA_Floor1,TypeB
1008,2025-04-10T14:11:37.000Z,19.02,71.18,BuildingB_Floor2,TypeA
1055,2025-04-10T19:33:40.000Z,21.18,49.32,BuildingB_Floor1,TypeA
1068,2025-04-11T00:11:50.000Z,21.84,49.69,BuildingA_Floor2,TypeC
1039,2025-04-10T00:19:15.000Z,15.08,40.62,BuildingA_Floor2,TypeB
1046,2025-04-07T07:58:13.000Z,33.14,76.43,BuildingB_Floor2,TypeA
1081,2025-04-11T05:50:13.000Z,24.87,60.03,BuildingA_Floor2,TypeB
1054,2025-04-07T23:02:34.000Z,33.78,55.48,BuildingA_Floor2,TypeA
1076,2025-04-09T02:51:10.000Z,26.77,64.27,BuildingB_Floor1,TypeB
1070,2025-04-09T12:49:32.000Z,33.37,64.45,BuildingA_Floor1,TypeA
1077,2025-04-08T06:02:35.000Z,18.22,53.6,BuildingA_Floor2,TypeC
1043,2025-04-09T02:07:22.000Z,26.03,71.81,BuildingA_Floor1,TypeB
1050,2025-04-09T13:30:50.000Z,28.73,38.44,BuildingA_Floor2,TypeC
1036,2025-04-11T00:30:03.000Z,22.38,70.08,BuildingB_Floor2,TypeB
1046,2025-04-10T12:04:20.000Z,18.96,54.35,BuildingB_Floor2,TypeB
1084,2025-04-08T06:30:48.000Z,27.18,46.34,BuildingA_Floor1,TypeA
1037,2025-04-07T18:25:51.000Z,15.65,61.09,BuildingA_Floor1,TypeA
1010,2025-04-09T07:18:54.000Z,17.33,35.59,BuildingA_Floor2,TypeB
1065,2025-04-10T02:50:38.000Z,30.87,69.24,BuildingA_Floor1,TypeA
1100,2025-04-10T23:33:53.000Z,30.33,46.1,BuildingB_Floor2,TypeB
1012,2025-04-09T19:19:10.000Z,20.16,61.46,BuildingB_Floor2,TypeA
1009,2025-04-08T11:55:08.000Z,28.13,68.24,BuildingA_Floor1,TypeA
1041,2025-04-07T22:59:19.000Z,24.72,34.86,BuildingB_Floor1,TypeB
1000,2025-04-10T00:19:10.000Z,18.52,76.01,BuildingA_Floor1,TypeC
1084,2025-04-10T13:10:17.000Z,29.36,71.96,BuildingA_Floor2,TypeB
1010,2025-04-08T11:02:21.000Z,23.5,74.69,BuildingB_Floor1,TypeA
1002,2025-04-07T14:36:26.000Z,32.24,33.52,BuildingA_Floor2,TypeA
1054,2025-04-07T19:46:27.000Z,32.35,39.91,BuildingA_Floor2,TypeA
1041,2025-04-11T04:57:02.000Z,17.32,56.86,BuildingB_Floor1,TypeB
1029,2025-04-09T22:47:18.000Z,18.61,75.36,BuildingA_Floor1,TypeB
1026,2025-04-07T17:53:05.000Z,23.27,35.29,BuildingB_Floor1,TypeA
1018,2025-04-10T09:05:50.000Z,33.45,75.75,BuildingA_Floor1,TypeA
1017,2025-04-09T23:40:27.000Z,17.25,70.6,BuildingA_Floor1,TypeC
1039,2025-04-09T00:52:58.000Z,32.79,40.14,BuildingB_Floor2,TypeC
1091,2025-04-10T14:23:19.000Z,30.99,43.31,BuildingA_Floor1,TypeB
1086,2025-04-10T08:18:55.000Z,22.93,47.36,BuildingB_Floor2,TypeA
1086,2025-04-11T01:15:12.000Z,24.59,38.95,BuildingB_Floor2,TypeC
1062,2025-04-09T01:50:10.000Z,34.9,65.04,BuildingB_Floor2,TypeB
1011,2025-04-09T21:03:24.000Z,17.9,72.58,BuildingA_Floor1,TypeB
1040,2025-04-10T14:48:34.000Z,16.31,37.66,BuildingA_Floor1,TypeB
1058,2025-04-10T23:00:00.000Z,22.05,65.05,BuildingA_Floor2,TypeA
1072,2025-04-09T13:59:29.000Z,19.36,54.0,BuildingB_Floor1,TypeA
1081,2025-04-09T05:47:57.000Z,24.83,56.07,BuildingA_Floor1,TypeA
1095,2025-04-09T00:03:48.000Z,30.23,31.1,BuildingB_Floor2,TypeB
1027,2025-04-07T12:32:42.000Z,16.5,73.05,BuildingA_Floor1,TypeC
1044,2025-04-10T20:41:08.000Z,33.57,46.5,BuildingB_Floor1,TypeB
1025,2025-04-08T20:04:57.000Z,20.01,72.09,BuildingB_Floor2,TypeB
1084,2025-04-07T07:05:25.000Z,22.05,62.94,BuildingA_Floor1,TypeA
1072,2025-04-10T03:52:08.000Z,16.21,59.51,BuildingA_Floor1,TypeB
1000,2025-04-09T17:46:46.000Z,16.42,52.69,BuildingA_Floor2,TypeC
1081,2025-04-09T23:31:59.000Z,22.03,38.57,BuildingB_Floor1,TypeB
1086,2025-04-08T10:22:32.000Z,30.14,58.8,BuildingA_Floor2,TypeA
1009,2025-04-11T20:49:12.000Z,31.82,37.82,BuildingA_Floor2,TypeB
1022,2025-04-08T22:54:02.000Z,23.72,37.29,BuildingB_Floor2,TypeB
1084,2025-04-08T07:09:40.000Z,24.66,59.74,BuildingB_Floor2,TypeB
1061,2025-04-11T22:19:48.000Z,33.27,77.44,BuildingB_Floor1,TypeA
1086,2025-04-11T10:13:27.000Z,22.24,68.7,BuildingA_Floor2,TypeA
1060,2025-04-11T13:54:46.000Z,22.23,36.86,BuildingB_Floor2,TypeC
1066,2025-04-09T07:49:29.000Z,23.86,30.4,BuildingB_Floor1,TypeC
1018,2025-04-07T19:41:28.000Z,31.26,46.74,BuildingB_Floor2,TypeB
1099,2025-04-08T14:27:04.000Z,33.44,36.06,BuildingB_Floor2,TypeB
1090,2025-04-10T21:18:09.000Z,30.99,64.31,BuildingB_Floor2,TypeC
1063,2025-04-11T03:24:16.000Z,33.05,61.47,BuildingA_Floor1,TypeC
1076,2025-04-08T10:10:47.000Z,20.55,57.88,BuildingA_Floor1,TypeB
1082,2025-04-11T22:50:47.000Z,18.75,72.91,BuildingA_Floor2,TypeB
1070,2025-04-11T11:27:22.000Z,21.12,71.34,BuildingA_Floor2,TypeC
1085,2025-04-09T10:00:59.000Z,22.05,50.69,BuildingA_Floor2,TypeB
1084,2025-04-07T13:34:27.000Z,19.82,53.72,BuildingA_Floor2,TypeB
1028,2025-04-10T10:07:23.000Z,17.92,59.13,BuildingB_Floor2,TypeC
1035,2025-04-09T02:11:36.000Z,23.97,78.64,BuildingA_Floor1,TypeB
1030,2025-04-09T16:00:25.000Z,24.16,68.88,BuildingB_Floor1,TypeA
1087,2025-04-11T03:24:02.000Z,15.24,78.1,BuildingB_Floor1,TypeC
1050,2025-04-11T08:32:27.000Z,27.26,36.11,BuildingB_Floor2,TypeB
1009,2025-04-08T14:16:55.000Z,20.42,65.67,BuildingB_Floor1,TypeC
1084,2025-04-07T23:03:48.000Z,16.63,56.33,BuildingB_Floor1,TypeA
1027,2025-04-08T16:53:13.000Z,20.38,64.03,BuildingA_Floor2,TypeC
1100,2025-04-08T04:21:51.000Z,28.68,50.49,BuildingA_Floor1,TypeC
1062,2025-04-09T05:42:00.000Z,32.77,30.95,BuildingA_Floor2,TypeB
1018,2025-04-09T10:30:40.000Z,27.43,46.78,BuildingB_Floor1,TypeA
1100,2025-04-10T00:08:43.000Z,16.95,42.09,BuildingA_Floor1,TypeB
1020,2025-04-10T15:06:41.000Z,15.46,34.18,BuildingB_Floor2,TypeB
1073,2025-04-07T14:13:48.000Z,34.57,57.93,BuildingA_Floor2,TypeB
1030,2025-04-10T07:23:48.000Z,26.79,61.67,BuildingB_Floor1,TypeC
1085,2025-04-11T11:21:30.000Z,21.56,53.59,BuildingB_Floor2,TypeA
1065,2025-04-11T22:35:32.000Z,32.34,60.94,BuildingB_Floor1,TypeB
1054,2025-04-07T12:36:22.000Z,30.35,59.02,BuildingB_Floor1,TypeA
1066,2025-04-08T16:49:14.000Z,27.34,44.33,BuildingA_Floor1,TypeA
1003,2025-04-07T05:56:09.000Z,26.15,78.22,BuildingA_Floor2,TypeB
1082,2025-04-10T14:55:17.000Z,29.02,62.4,BuildingB_Floor1,TypeA
1074,2025-04-07T06:58:05.000Z,23.05,41.07,BuildingA_Floor1,TypeA
1005,2025-04-10T04:39:28.000Z,19.34,69.91,BuildingA_Floor1,TypeC
1089,2025-04-07T21:55:17.000Z,24.38,37.69,BuildingA_Floor1,TypeA
1026,2025-04-09T01:17:02.000Z,18.21,66.13,BuildingA_Floor2,TypeC
1090,2025-04-11T04:42:00.000Z,21.66,32.32,BuildingB_Floor1,TypeA
1076,2025-04-08T21:12:16.000Z,26.79,78.32,BuildingB_Floor2,TypeB
1043,2025-04-07T13:43:07.000Z,26.54,48.12,BuildingB_Floor1,TypeC
1094,2025-04-11T08:39:13.000Z,26.54,58.04,BuildingB_Floor1,TypeC
1042,2025-04-07T04:46:54.000Z,26.45,54.97,BuildingB_Floor1,TypeC
1085,2025-04-09T23:32:46.000Z,24.64,72.94,BuildingA_Floor1,TypeC
1026,2025-04-09T01:01:04.000Z,16.13,53.43,BuildingB_Floor1,TypeB
1094,2025-04-11T10:54:23.000Z,30.49,51.54,BuildingA_Floor2,TypeB
1042,2025-04-11T11:34:42.000Z,28.89,30.14,BuildingB_Floor2,TypeA
1061,2025-04-07T06:22:34.000Z,20.68,57.06,BuildingA_Floor1,TypeC
1064,2025-04-11T23:25:44.000Z,26.34,37.73,BuildingB_Floor2,TypeC
1007,2025-04-11T16:01:21.000Z,17.09,31.57,BuildingA_Floor1,TypeB
1047,2025-04-09T18:18:25.000Z,30.51,46.62,BuildingB_Floor1,TypeA
1036,2025-04-07T06:21:28.000Z,28.52,67.32,BuildingA_Floor1,TypeC
1040,2025-04-08T13:51:54.000Z,21.56,40.23,BuildingB_Floor1,TypeB
1018,2025-04-07T09:40:50.000Z,28.49,34.51,BuildingA_Floor2,TypeB
1067,2025-04-09T07:08:45.000Z,19.39,44.06,BuildingB_Floor1,TypeC
1095,2025-04-08T05:23:54.000Z,30.8,54.97,BuildingB_Floor2,TypeC
1064,2025-04-11T11:16:26.000Z,34.6,35.6,BuildingA_Floor2,TypeC
1013,2025-04-11T10:44:18.000Z,23.19,68.5,BuildingB_Floor2,TypeB
1011,2025-04-12T01:00:52.000Z,29.08,73.9,BuildingB_Floor2,TypeC
1028,2025-04-09T14:44:07.000Z,18.4,60.34,BuildingB_Floor2,TypeC
1010,2025-04-07T11:14:47.000Z,23.78,54.95,BuildingA_Floor2,TypeC
1030,2025-04-10T20:48:41.000Z,31.31,68.99,BuildingA_Floor1,TypeA
1034,2025-04-10T04:40:38.000Z,17.11,36.6,BuildingA_Floor2,TypeA
1036,2025-04-09T01:08:28.000Z,24.04,47.98,BuildingA_Floor2,TypeC
1076,2025-04-10T14:47:28.000Z,27.78,58.49,BuildingB_Floor1,TypeA
1011,2025-04-10T21:26:19.000Z,21.32,47.75,BuildingB_Floor1,TypeC
1028,2025-04-09T02:39:26.000Z,34.31,73.17,BuildingA_Floor1,TypeA
1007,2025-04-10T00:50:17.000Z,18.78,57.83,BuildingA_Floor1,TypeA
1032,2025-04-07T04:05:20.000Z,21.67,40.28,BuildingA_Floor1,TypeC
1022,2025-04-10T20:20:08.000Z,33.64,36.96,BuildingA_Floor1,TypeA
1010,2025-04-08T17:29:47.000Z,17.24,35.43,BuildingA_Floor1,TypeB
1052,2025-04-11T03:56:35.000Z,23.45,45.33,BuildingB_Floor2,TypeC
1033,2025-04-07T15:24:56.000Z,23.38,79.18,BuildingB_Floor1,TypeA
1002,2025-04-09T08:19:15.000Z,31.6,60.03,BuildingB_Floor1,TypeC
1015,2025-04-08T07:18:03.000Z,32.57,64.52,BuildingB_Floor1,TypeC
1049,2025-04-08T03:17:34.000Z,33.47,52.29,BuildingA_Floor2,TypeB
1048,2025-04-08T03:42:52.000Z,28.5,57.35,BuildingB_Floor1,TypeB
1041,2025-04-07T08:33:44.000Z,18.72,50.82,BuildingB_Floor1,TypeA
1012,2025-04-08T01:31:22.000Z,31.82,35.43,BuildingA_Floor1,TypeA
1091,2025-04-10T07:18:12.000Z,29.38,71.87,BuildingA_Floor2,TypeA
1096,2025-04-08T01:05:24.000Z,21.4,33.88,BuildingA_Floor2,TypeB
1093,2025-04-11T18:18:13.000Z,23.09,77.7,BuildingB_Floor1,TypeB
1037,2025-04-11T01:21:05.000Z,26.62,31.41,BuildingB_Floor1,TypeA
1089,2025-04-07T19:50:12.000Z,26.99,32.45,BuildingB_Floor2,TypeA
1087,2025-04-09T20:56:05.000Z,33.75,57.95,BuildingB_Floor2,TypeA
1006,2025-04-10T05:25:54.000Z,32.13,68.65,BuildingB_Floor1,TypeA
1001,2025-04-08T23:42:50.000Z,15.18,68.68,BuildingB_Floor2,TypeA
1086,2025-04-07T19:43:26.000Z,17.4,79.3,BuildingB_Floor1,TypeB
1011,2025-04-07T08:06:36.000Z,21.44,79.58,BuildingA_Floor1,TypeB
1099,2025-04-08T12:04:04.000Z,20.15,62.48,BuildingB_Floor1,TypeC
1076,2025-04-07T19:50:48.000Z,20.18,62.97,BuildingB_Floor1,TypeA
1057,2025-04-11T10:48:12.000Z,19.82,47.56,BuildingA_Floor1,TypeB
1088,2025-04-08T22:30:52.000Z,31.73,38.17,BuildingB_Floor1,TypeB
1039,2025-04-09T00:27:03.000Z,24.53,53.61,BuildingB_Floor1,TypeA
1048,2025-04-10T09:26:58.000Z,32.78,76.62,BuildingA_Floor1,TypeC
1045,2025-04-09T23:54:28.000Z,22.67,67.98,BuildingB_Floor1,TypeB
1003,2025-04-09T03:03:18.000Z,27.63,30.89,BuildingA_Floor2,TypeA
1060,2025-04-10T20:41:50.000Z,28.84,38.51,BuildingB_Floor1,TypeB
1052,2025-04-08T13:34:01.000Z,31.14,53.16,BuildingA_Floor1,TypeA
1077,2025-04-11T00:55:42.000Z,15.14,63.14,BuildingB_Floor1,TypeA
1077,2025-04-08T23:57:39.000Z,25.93,79.05,BuildingA_Floor1,TypeB
1097,2025-04-09T09:56:40.000Z,20.59,42.86,BuildingB_Floor1,TypeC
1078,2025-04-07T03:48:15.000Z,31.4,60.29,BuildingA_Floor2,TypeB
1053,2025-04-09T19:29:58.000Z,30.61,72.13,BuildingA_Floor2,TypeB
1085,2025-04-08T08:08:53.000Z,19.91,48.48,BuildingB_Floor1,TypeA
1028,2025-04-09T16:23:45.000Z,23.49,60.02,BuildingA_Floor2,TypeC
1027,2025-04-07T04:55:13.000Z,24.25,33.03,BuildingA_Floor1,TypeB
1054,2025-04-11T15:57:44.000Z,20.99,34.92,BuildingB_Floor1,TypeC
1010,2025-04-10T19:50:51.000Z,17.5,37.83,BuildingA_Floor1,TypeC
1029,2025-04-07T14:00:43.000Z,21.5,45.49,BuildingA_Floor2,TypeA
1092,2025-04-11T10:13:37.000Z,31.26,42.59,BuildingB_Floor1,TypeC
1034,2025-04-08T11:01:04.000Z,29.67,30.04,BuildingA_Floor2,TypeA
1038,2025-04-11T21:22:34.000Z,22.45,77.99,BuildingB_Floor2,TypeB
1096,2025-04-09T03:36:33.000Z,18.24,54.1,BuildingB_Floor2,TypeB
1063,2025-04-09T03:32:34.000Z,31.4,55.08,BuildingB_Floor1,TypeA
1035,2025-04-08T07:18:13.000Z,17.3,33.47,BuildingB_Floor2,TypeB
1093,2025-04-07T08:50:11.000Z,25.84,52.48,BuildingA_Floor1,TypeB
1086,2025-04-10T04:48:20.000Z,15.29,47.1,BuildingA_Floor1,TypeA
1059,2025-04-09T22:36:28.000Z,30.81,63.44,BuildingB_Floor2,TypeC
1079,2025-04-10T17:28:18.000Z,33.08,45.26,BuildingB_Floor1,TypeB
1029,2025-04-11T01:03:19.000Z,30.05,70.77,BuildingB_Floor2,TypeB
1014,2025-04-10T04:56:44.000Z,25.52,35.73,BuildingB_Floor1,TypeC
1035,2025-04-10T15:03:35.000Z,17.6,76.58,BuildingA_Floor1,TypeC
1012,2025-04-11T13:10:26.000Z,20.26,60.64,BuildingA_Floor1,TypeC
1056,2025-04-07T16:11:57.000Z,30.06,73.3,BuildingB_Floor2,TypeC
1083,2025-04-07T11:20:44.000Z,17.78,62.29,BuildingA_Floor2,TypeC
1037,2025-04-11T15:17:05.000Z,31.11,59.25,BuildingA_Floor2,TypeA
1001,2025-04-10T18:38:17.000Z,17.59,46.78,BuildingB_Floor1,TypeC
1093,2025-04-11T12:20:42.000Z,29.06,35.22,BuildingA_Floor1,TypeA
1073,2025-04-10T12:11:37.000Z,23.17,37.84,BuildingA_Floor2,TypeC
1065,2025-04-11T18:02:21.000Z,27.93,60.58,BuildingB_Floor2,TypeB
1076,2025-04-08T07:46:10.000Z,29.87,59.45,BuildingB_Floor2,TypeB
1097,2025-04-09T22:59:16.000Z,20.95,41.73,BuildingA_Floor2,TypeA
1022,2025-04-07T23:27:54.000Z,28.49,70.35,BuildingA_Floor1,TypeA
1094,2025-04-11T00:17:55.000Z,26.01,33.35,BuildingB_Floor1,TypeB
1069,2025-04-09T15:21:52.000Z,34.56,74.57,BuildingB_Floor2,TypeA
1058,2025-04-08T00:50:38.000Z,19.9,75.68,BuildingB_Floor1,TypeB
1000,2025-04-08T01:44:35.000Z,16.99,56.75,BuildingB_Floor2,TypeB
1077,2025-04-10T11:01:24.000Z,21.42,31.8,BuildingB_Floor2,TypeA
1017,2025-04-09T22:55:27.000Z,33.11,70.25,BuildingB_Floor1,TypeB
1019,2025-04-08T11:46:12.000Z,26.46,76.86,BuildingB_Floor2,TypeB
1033,2025-04-10T00:19:22.000Z,29.49,48.42,BuildingA_Floor1,TypeA
1032,2025-04-07T03:25:24.000Z,31.07,42.62,BuildingA_Floor2,TypeC
1081,2025-04-09T12:29:58.000Z,18.89,72.57,BuildingB_Floor1,TypeA
1013,2025-04-11T13:21:32.000Z,33.03,65.86,BuildingB_Floor2,TypeA
1048,2025-04-07T19:57:16.000Z,24.9,54.99,BuildingB_Floor2,TypeA
1065,2025-04-07T14:53:47.000Z,26.57,60.55,BuildingA_Floor1,TypeA
1082,2025-04-10T19:15:11.000Z,18.28,43.81,BuildingA_Floor1,TypeB
1087,2025-04-08T21:37:12.000Z,29.81,48.67,BuildingB_Floor1,TypeC
1063,2025-04-11T18:21:31.000Z,27.37,44.37,BuildingA_Floor2,TypeB
1007,2025-04-09T09:59:57.000Z,25.66,54.54,BuildingB_Floor2,TypeA
1038,2025-04-11T07:23:55.000Z,27.93,60.17,BuildingB_Floor1,TypeB
1003,2025-04-07T14:53:09.000Z,29.57,76.04,BuildingA_Floor1,TypeC
1100,2025-04-08T04:01:41.000Z,33.6,59.04,BuildingA_Floor1,TypeA
1084,2025-04-12T02:42:52.000Z,30.81,36.73,BuildingA_Floor2,TypeA
1085,2025-04-10T08:19:09.000Z,20.1,68.11,BuildingA_Floor1,TypeB
1054,2025-04-08T21:05:47.000Z,18.63,52.18,BuildingB_Floor2,TypeB
1080,2025-04-08T02:27:48.000Z,21.51,71.61,BuildingB_Floor2,TypeA
1049,2025-04-12T00:47:11.000Z,29.59,43.03,BuildingB_Floor2,TypeB
1014,2025-04-10T09:47:11.000Z,27.32,69.47,BuildingA_Floor1,TypeC
1053,2025-04-08T22:33:52.000Z,15.42,76.08,BuildingA_Floor2,TypeA
1048,2025-04-10T17:10:12.000Z,20.23,57.72,BuildingA_Floor2,TypeC
1077,2025-04-10T19:59:12.000Z,28.02,53.77,BuildingA_Floor2,TypeC
1051,2025-04-07T21:59:39.000Z,22.82,54.25,BuildingB_Floor2,TypeB
1058,2025-04-10T10:07:15.000Z,20.58,60.32,BuildingB_Floor1,TypeB
1062,2025-04-09T04:00:46.000Z,22.84,70.19,BuildingA_Floor1,TypeA
1030,2025-04-08T05:58:15.000Z,20.94,74.7,BuildingB_Floor1,TypeA
1067,2025-04-09T11:41:41.000Z,18.49,31.69,BuildingA_Floor2,TypeA
1054,2025-04-09T07:52:00.000Z,23.33,47.25,BuildingB_Floor2,TypeA
1067,2025-04-07T13:33:11.000Z,29.03,63.46,BuildingA_Floor1,TypeC
1023,2025-04-10T21:13:55.000Z,25.13,46.27,BuildingA_Floor1,TypeA
1094,2025-04-10T14:27:16.000Z,17.66,79.44,BuildingB_Floor2,TypeB
1092,2025-04-09T03:16:18.000Z,26.74,31.21,BuildingA_Floor2,TypeA
1049,2025-04-08T23:10:37.000Z,24.07,67.7,BuildingA_Floor1,TypeA
1030,2025-04-09T08:44:53.000Z,21.74,71.89,BuildingB_Floor2,TypeC
1081,2025-04-08T08:40:38.000Z,17.92,63.09,BuildingB_Floor1,TypeB
1057,2025-04-09T08:03:25.000Z,24.23,43.9,BuildingA_Floor1,TypeC
1013,2025-04-09T23:54:02.000Z,28.48,41.78,BuildingA_Floor1,TypeA
1035,2025-04-09T20:32:47.000Z,23.94,31.79,BuildingB_Floor2,TypeA
1051,2025-04-07T19:00:28.000Z,32.88,74.38,BuildingB_Floor2,TypeA
1055,2025-04-10T16:45:13.000Z,16.67,47.23,BuildingB_Floor2,TypeA
1058,2025-04-09T06:01:32.000Z,25.73,53.76,BuildingB_Floor1,TypeB
1034,2025-04-10T06:08:14.000Z,29.84,64.21,BuildingB_Floor1,TypeB
1065,2025-04-07T14:42:53.000Z,24.37,31.14,BuildingB_Floor1,TypeB
1012,2025-04-11T08:11:07.000Z,20.86,45.65,BuildingB_Floor2,TypeA
1077,2025-04-10T18:15:22.000Z,28.85,57.63,BuildingA_Floor1,TypeA
1098,2025-04-11T07:02:44.000Z,15.79,51.15,BuildingA_Floor2,TypeA
1089,2025-04-10T23:00:54.000Z,31.72,40.14,BuildingA_Floor1,TypeA
1003,2025-04-08T02:34:11.000Z,20.77,32.68,BuildingB_Floor2,TypeB
1007,2025-04-09T07:08:11.000Z,25.35,78.01,BuildingA_Floor2,TypeA
1091,2025-04-08T08:12:07.000Z,15.22,36.86,BuildingB_Floor2,TypeC
1079,2025-04-07T22:40:29.000Z,33.79,33.83,BuildingB_Floor1,TypeB
1033,2025-04-07T21:17:51.000Z,17.43,41.57,BuildingB_Floor2,TypeB
1100,2025-04-08T02:49:56.000Z,16.72,39.29,BuildingB_Floor1,TypeC
1047,2025-04-11T08:49:12.000Z,26.33,77.38,BuildingB_Floor1,TypeA
1018,2025-04-10T11:52:26.000Z,27.95,75.99,BuildingB_Floor1,TypeB
1015,2025-04-08T12:54:35.000Z,27.46,33.19,BuildingB_Floor1,TypeC
1071,2025-04-09T15:35:25.000Z,34.55,66.62,BuildingA_Floor2,TypeC
1060,2025-04-10T04:36:17.000Z,28.78,74.47,BuildingB_Floor2,TypeB
1066,2025-04-09T07:32:28.000Z,31.71,75.08,BuildingB_Floor2,TypeA
1074,2025-04-11T10:29:10.000Z,27.04,38.5,BuildingA_Floor1,TypeA
1096,2025-04-12T03:09:18.000Z,30.39,70.25,BuildingB_Floor2,TypeC
1037,2025-04-08T16:41:12.000Z,20.5,45.62,BuildingB_Floor2,TypeC
1097,2025-04-11T12:12:30.000Z,19.12,49.84,BuildingA_Floor2,TypeC
1028,2025-04-09T20:02:29.000Z,27.39,64.9,BuildingB_Floor1,TypeB
1057,2025-04-08T01:03:04.000Z,31.4,43.72,BuildingB_Floor1,TypeC
1085,2025-04-08T14:39:52.000Z,33.22,78.38,BuildingA_Floor2,TypeB
1073,2025-04-07T20:27:43.000Z,18.89,72.27,BuildingA_Floor1,TypeC
1077,2025-04-10T09:53:56.000Z,21.16,37.9,BuildingA_Floor1,TypeC
1039,2025-04-11T03:03:58.000Z,26.02,55.15,BuildingA_Floor1,TypeA
1033,2025-04-11T12:34:28.000Z,29.91,49.86,BuildingA_Floor2,TypeC
1095,2025-04-08T13:33:24.000Z,34.86,74.05,BuildingA_Floor2,TypeC
1090,2025-04-11T07:03:42.000Z,15.52,45.41,BuildingA_Floor1,TypeA
1013,2025-04-08T16:38:43.000Z,18.11,49.17,BuildingA_Floor1,TypeB
1028,2025-04-08T20:31:33.000Z,16.78,75.42,BuildingB_Floor1,TypeC
1001,2025-04-08T06:39:31.000Z,34.05,77.87,BuildingB_Floor1,TypeB
1057,2025-04-10T08:17:29.000Z,26.74,38.56,BuildingB_Floor1,TypeC
1078,2025-04-11T23:54:02.000Z,17.79,52.77,BuildingA_Floor2,TypeC
1070,2025-04-08T12:04:54.000Z,32.36,70.88,BuildingA_Floor2,TypeC
1025,2025-04-10T08:16:15.000Z,21.09,65.62,BuildingB_Floor1,TypeA
1016,2025-04-08T19:27:22.000Z,24.37,55.15,BuildingA_Floor1,TypeC
1055,2025-04-10T18:36:46.000Z,25.78,57.12,BuildingA_Floor1,TypeB
1089,2025-04-07T04:20:32.000Z,31.39,56.73,BuildingB_Floor2,TypeA
1007,2025-04-08T08:10:48.000Z,33.67,64.83,BuildingB_Floor1,TypeC
1059,2025-04-09T13:15:14.000Z,29.15,46.5,BuildingB_Floor1,TypeC
1059,2025-04-11T12:42:15.000Z,18.88,53.89,BuildingB_Floor2,TypeA
1015,2025-04-11T18:17:02.000Z,24.95,48.45,BuildingA_Floor1,TypeA
1076,2025-04-10T03:58:17.000Z,15.01,79.39,BuildingA_Floor1,TypeC
1029,2025-04-08T20:02:39.000Z,16.75,36.04,BuildingB_Floor2,TypeC
1099,2025-04-08T10:02:40.000Z,31.87,70.2,BuildingB_Floor2,TypeB
1040,2025-04-09T21:18:08.000Z,19.04,38.16,BuildingA_Floor2,TypeA
1055,2025-04-08T13:10:13.000Z,30.1,41.78,BuildingB_Floor2,TypeB
1012,2025-04-10T04:10:13.000Z,31.18,43.72,BuildingA_Floor1,TypeA
1058,2025-04-11T16:07:05.000Z,31.89,31.21,BuildingA_Floor2,TypeB
1096,2025-04-10T23:15:53.000Z,16.4,35.17,BuildingB_Floor2,TypeA
1008,2025-04-08T04:02:48.000Z,29.43,49.3,BuildingB_Floor1,TypeB
1074,2025-04-08T17:53:59.000Z,22.53,63.5,BuildingA_Floor2,TypeA
1020,2025-04-12T01:47:24.000Z,34.26,42.97,BuildingA_Floor1,TypeC
1055,2025-04-08T15:02:11.000Z,33.49,72.38,BuildingB_Floor2,TypeA
1032,2025-04-10T10:08:06.000Z,18.92,51.0,BuildingB_Floor2,TypeC
1082,2025-04-09T22:00:41.000Z,26.59,35.37,BuildingB_Floor2,TypeB
1018,2025-04-10T11:27:29.000Z,24.56,43.19,BuildingA_Floor2,TypeB
1098,2025-04-08T10:11:21.000Z,28.6,76.76,BuildingA_Floor2,TypeB
1038,2025-04-10T23:12:04.000Z,25.85,76.24,BuildingB_Floor1,TypeB
1028,2025-04-08T10:44:26.000Z,22.32,76.68,BuildingA_Floor2,TypeC
1036,2025-04-09T02:44:04.000Z,19.73,77.18,BuildingA_Floor1,TypeC
1080,2025-04-11T21:44:50.000Z,15.83,34.72,BuildingB_Floor1,TypeC
1072,2025-04-10T04:38:50.000Z,27.0,42.98,BuildingA_Floor1,TypeC
1032,2025-04-11T03:33:45.000Z,16.88,74.46,BuildingA_Floor2,TypeB
1049,2025-04-11T11:11:49.000Z,26.5,61.78,BuildingA_Floor1,TypeB
1098,2025-04-10T20:45:14.000Z,31.12,68.26,BuildingA_Floor1,TypeA
1030,2025-04-10T12:28:24.000Z,24.62,61.51,BuildingA_Floor2,TypeC
1030,2025-04-08T15:07:21.000Z,28.54,41.97,BuildingB_Floor2,TypeB
1047,2025-04-08T03:25:16.000Z,29.68,68.45,BuildingB_Floor1,TypeC
1017,2025-04-07T22:45:31.000Z,31.7,75.64,BuildingB_Floor1,TypeB
1082,2025-04-10T09:31:34.000Z,16.73,48.03,BuildingA_Floor2,TypeA
1083,2025-04-10T03:53:45.000Z,17.22,76.85,BuildingB_Floor2,TypeA
1018,2025-04-09T10:09:11.000Z,30.28,33.96,BuildingB_Floor1,TypeC
1063,2025-04-11T19:17:53.000Z,23.47,74.73,BuildingB_Floor2,TypeB
1056,2025-04-10T15:53:14.000Z,26.62,60.82,BuildingB_Floor1,TypeA
1058,2025-04-10T18:37:55.000Z,20.09,58.76,BuildingA_Floor1,TypeA
1005,2025-04-10T04:43:03.000Z,20.88,48.38,BuildingA_Floor1,TypeA
1019,2025-04-08T17:45:29.000Z,32.69,39.47,BuildingA_Floor2,TypeC
1057,2025-04-09T05:14:50.000Z,26.11,52.91,BuildingB_Floor1,TypeA
1071,2025-04-10T11:28:16.000Z,33.33,57.44,BuildingA_Floor1,TypeB
1034,2025-04-08T16:03:54.000Z,20.0,44.54,BuildingB_Floor1,TypeC
1018,2025-04-11T07:30:34.000Z,22.0,68.52,BuildingB_Floor1,TypeA
1003,2025-04-09T18:22:10.000Z,21.02,75.12,BuildingA_Floor1,TypeC
1040,2025-04-09T21:10:37.000Z,16.59,59.05,BuildingB_Floor1,TypeC
1035,2025-04-09T13:02:13.000Z,32.58,61.03,BuildingB_Floor2,TypeA
1024,2025-04-08T18:03:44.000Z,25.73,62.1,BuildingA_Floor2,TypeB
1013,2025-04-07T17:54:42.000Z,16.3,73.97,BuildingA_Floor1,TypeB
1007,2025-04-11T20:02:39.000Z,24.7,37.95,BuildingA_Floor2,TypeC
1032,2025-04-10T03:24:58.000Z,15.55,32.47,BuildingA_Floor1,TypeC
1023,2025-04-08T14:08:02.000Z,26.06,62.38,BuildingB_Floor2,TypeB
1026,2025-04-09T07:01:27.000Z,31.61,66.99,BuildingB_Floor2,TypeB
1068,2025-04-10T10:01:35.000Z,30.34,73.37,BuildingA_Floor2,TypeB
1100,2025-04-07T05:23:33.000Z,32.79,35.24,BuildingA_Floor1,TypeA
1021,2025-04-11T22:54:53.000Z,33.85,39.62,BuildingA_Floor1,TypeC
1000,2025-04-10T05:22:27.000Z,34.3,71.35,BuildingA_Floor1,TypeC
1049,2025-04-10T01:57:26.000Z,17.57,38.15,BuildingA_Floor1,TypeC
1025,2025-04-10T03:28:36.000Z,29.24,41.35,BuildingA_Floor2,TypeA
1006,2025-04-07T09:05:27.000Z,29.09,55.51,BuildingA_Floor1,TypeA
1083,2025-04-08T07:02:25.000Z,15.58,78.43,BuildingA_Floor1,TypeA
1022,2025-04-10T23:09:10.000Z,32.17,74.68,BuildingB_Floor2,TypeC
1021,2025-04-08T07:47:49.000Z,18.64,57.57,BuildingB_Floor1,TypeB
1068,2025-04-09T19:54:28.000Z,20.65,50.4,BuildingB_Floor1,TypeA
1085,2025-04-10T05:38:19.000Z,22.66,42.51,BuildingA_Floor2,TypeC
1066,2025-04-12T02:18:00.000Z,16.14,63.4,BuildingB_Floor1,TypeC
1044,2025-04-07T17:28:11.000Z,20.21,68.26,BuildingA_Floor2,TypeB
1060,2025-04-10T07:32:17.000Z,21.84,36.62,BuildingA_Floor1,TypeC
1051,2025-04-10T02:54:36.000Z,34.66,55.47,BuildingB_Floor1,TypeC
1073,2025-04-09T20:41:53.000Z,23.46,63.49,BuildingB_Floor1,TypeA
1012,2025-04-11T17:49:01.000Z,16.44,65.03,BuildingB_Floor2,TypeA
1066,2025-04-11T17:09:26.000Z,21.9,34.45,BuildingA_Floor2,TypeB
1066,2025-04-09T11:08:12.000Z,18.08,73.88,BuildingA_Floor2,TypeA
1004,2025-04-10T01:26:14.000Z,31.25,75.58,BuildingA_Floor1,TypeB
1081,2025-04-07T20:53:53.000Z,32.61,34.33,BuildingB_Floor2,TypeA
1081,2025-04-11T02:18:40.000Z,34.26,54.3,BuildingA_Floor1,TypeB
1056,2025-04-07T22:35:33.000Z,16.6,72.98,BuildingA_Floor1,TypeC
1029,2025-04-11T14:27:14.000Z,16.64,36.2,BuildingA_Floor1,TypeC
1061,2025-04-11T19:39:09.000Z,32.21,53.77,BuildingB_Floor1,TypeC
1069,2025-04-10T22:19:28.000Z,34.6,62.94,BuildingA_Floor2,TypeA
1018,2025-04-09T18:01:21.000Z,29.31,65.41,BuildingA_Floor2,TypeB
1052,2025-04-11T04:34:46.000Z,16.95,57.2,BuildingB_Floor2,TypeA
1041,2025-04-12T02:35:45.000Z,26.18,45.1,BuildingB_Floor2,TypeC
1044,2025-04-07T14:06:20.000Z,34.48,59.2,BuildingB_Floor2,TypeA
1093,2025-04-11T07:49:21.000Z,19.69,74.77,BuildingA_Floor2,TypeB
1085,2025-04-07T14:42:07.000Z,18.86,35.5,BuildingA_Floor2,TypeA
1077,2025-04-11T17:11:22.000Z,29.23,75.01,BuildingA_Floor1,TypeC
1002,2025-04-11T16:27:31.000Z,29.48,52.18,BuildingB_Floor1,TypeB
1100,2025-04-10T05:55:09.000Z,26.85,77.47,BuildingA_Floor2,TypeC
1068,2025-04-10T14:04:02.000Z,26.1,41.32,BuildingB_Floor2,TypeB
1000,2025-04-11T09:50:06.000Z,22.62,69.19,BuildingA_Floor2,TypeB
1082,2025-04-11T09:02:37.000Z,16.99,52.86,BuildingA_Floor2,TypeA
1046,2025-04-09T01:46:02.000Z,25.56,52.38,BuildingA_Floor1,TypeB
1076,2025-04-07T15:08:45.000Z,18.55,42.67,BuildingA_Floor1,TypeC
1023,2025-04-11T19:10:47.000Z,34.26,76.94,BuildingA_Floor1,TypeC
1050,2025-04-10T16:41:13.000Z,31.06,44.5,BuildingB_Floor2,TypeB
1075,2025-04-09T14:11:47.000Z,23.65,60.54,BuildingA_Floor1,TypeB
1065,2025-04-08T09:16:33.000Z,21.14,49.27,BuildingB_Floor1,TypeC
1028,2025-04-09T12:59:11.000Z,19.24,51.92,BuildingA_Floor2,TypeB
1021,2025-04-08T12:43:09.000Z,29.64,61.56,BuildingB_Floor2,TypeA
1006,2025-04-09T17:17:25.000Z,21.71,33.49,BuildingA_Floor1,TypeB
1003,2025-04-08T03:30:08.000Z,30.38,72.23,BuildingB_Floor1,TypeB
1076,2025-04-10T21:58:10.000Z,22.71,60.67,BuildingB_Floor2,TypeC
1056,2025-04-07T06:32:21.000Z,17.43,54.52,BuildingA_Floor1,TypeC
1090,2025-04-10T23:34:57.000Z,26.2,42.05,BuildingB_Floor1,TypeA
1012,2025-04-09T07:05:30.000Z,23.16,60.64,BuildingA_Floor2,TypeB
1024,2025-04-11T07:45:27.000Z,21.09,45.73,BuildingA_Floor1,TypeC
1042,2025-04-11T08:57:43.000Z,22.52,62.84,BuildingB_Floor2,TypeB
1066,2025-04-10T10:03:44.000Z,29.49,39.18,BuildingB_Floor2,TypeA
1080,2025-04-10T14:09:55.000Z,25.8,34.7,BuildingA_Floor2,TypeB
1029,2025-04-09T15:09:36.000Z,31.61,58.5,BuildingB_Floor1,TypeC
1024,2025-04-10T14:04:18.000Z,25.11,58.21,BuildingB_Floor2,TypeA
1059,2025-04-07T10:41:07.000Z,33.84,46.48,BuildingA_Floor1,TypeC
1009,2025-04-09T02:03:24.000Z,15.51,51.88,BuildingB_Floor2,TypeB
1065,2025-04-07T20:02:19.000Z,19.55,37.34,BuildingA_Floor1,TypeC
1016,2025-04-08T13:58:35.000Z,22.22,30.39,BuildingA_Floor1,TypeA
1008,2025-04-11T21:45:45.000Z,33.1,49.5,BuildingA_Floor1,TypeA
1063,2025-04-07T17:48:27.000Z,31.52,51.96,BuildingA_Floor1,TypeC
1099,2025-04-11T15:51:39.000Z,24.13,32.33,BuildingB_Floor1,TypeC
1017,2025-04-07T19:47:33.000Z,21.9,75.8,BuildingB_Floor2,TypeA
1046,2025-04-07T14:30:08.000Z,19.2,41.35,BuildingB_Floor1,TypeA
1061,2025-04-10T20:25:20.000Z,28.14,35.98,BuildingB_Floor2,TypeB
1028,2025-04-10T14:14:32.000Z,23.55,30.88,BuildingB_Floor2,TypeB
1083,2025-04-10T02:06:14.000Z,20.7,65.33,BuildingA_Floor2,TypeA
1056,2025-04-10T01:21:06.000Z,16.43,66.72,BuildingA_Floor2,TypeA
1051,2025-04-09T00:18:23.000Z,17.39,37.18,BuildingA_Floor1,TypeB
1053,2025-04-11T04:32:33.000Z,21.07,40.06,BuildingB_Floor1,TypeB
1011,2025-04-11T08:58:22.000Z,26.11,50.93,BuildingA_Floor1,TypeA
1077,2025-04-07T20:10:32.000Z,15.27,62.12,BuildingB_Floor2,TypeC
1023,2025-04-08T04:59:07.000Z,25.78,44.93,BuildingA_Floor1,TypeA
1035,2025-04-10T12:29:51.000Z,34.31,33.33,BuildingA_Floor2,TypeB
1017,2025-04-10T15:02:56.000Z,34.54,42.22,BuildingA_Floor1,TypeC
1058,2025-04-08T20:12:37.000Z,16.77,61.08,BuildingB_Floor1,TypeC
1005,2025-04-10T05:20:25.000Z,19.54,30.13,BuildingB_Floor1,TypeB
1021,2025-04-10T14:29:01.000Z,28.01,64.91,BuildingB_Floor1,TypeB
1020,2025-04-10T23:20:22.000Z,24.15,48.43,BuildingB_Floor2,TypeC
1006,2025-04-11T22:36:32.000Z,32.9,64.87,BuildingB_Floor2,TypeC
1010,2025-04-11T07:27:03.000Z,32.18,48.09,BuildingA_Floor2,TypeC
1030,2025-04-11T02:34:59.000Z,18.64,67.49,BuildingB_Floor2,TypeC
1098,2025-04-10T11:41:44.000Z,15.79,36.64,BuildingA_Floor1,TypeC
1087,2025-04-11T01:34:00.000Z,25.65,58.31,BuildingB_Floor2,TypeB
1089,2025-04-08T00:32:45.000Z,19.19,43.04,BuildingB_Floor2,TypeA
1035,2025-04-11T21:02:13.000Z,19.42,35.24,BuildingB_Floor1,TypeB
1029,2025-04-10T07:11:00.000Z,16.14,71.88,BuildingA_Floor1,TypeB
1030,2025-04-11T14:01:17.000Z,18.58,59.51,BuildingA_Floor1,TypeB
1036,2025-04-11T17:44:31.000Z,15.94,42.61,BuildingB_Floor1,TypeC
1017,2025-04-11T08:36:54.000Z,16.09,43.67,BuildingB_Floor2,TypeC
1006,2025-04-09T21:14:29.000Z,31.95,41.38,BuildingA_Floor1,TypeB
1020,2025-04-07T17:11:42.000Z,30.95,31.05,BuildingB_Floor1,TypeB
1063,2025-04-11T12:17:26.000Z,33.81,75.8,BuildingB_Floor2,TypeA
1062,2025-04-07T16:32:43.000Z,29.9,69.78,BuildingA_Floor2,TypeB
1000,2025-04-12T01:53:03.000Z,16.03,51.56,BuildingB_Floor1,TypeA
1022,2025-04-07T17:02:03.000Z,30.24,40.37,BuildingA_Floor1,TypeB
1011,2025-04-10T12:20:32.000Z,23.41,70.35,BuildingA_Floor1,TypeC
1001,2025-04-07T06:53:41.000Z,15.87,73.23,BuildingB_Floor1,TypeB
1034,2025-04-08T02:35:57.000Z,16.47,73.25,BuildingA_Floor1,TypeA
1090,2025-04-09T17:09:33.000Z,23.03,62.03,BuildingB_Floor2,TypeC
1015,2025-04-10T19:40:43.000Z,28.28,60.17,BuildingB_Floor2,TypeC
1042,2025-04-08T07:23:28.000Z,32.16,51.35,BuildingA_Floor1,TypeB
1001,2025-04-08T12:27:19.000Z,17.27,33.94,BuildingA_Floor2,TypeC
1068,2025-04-07T23:35:31.000Z,21.57,49.69,BuildingA_Floor2,TypeB
1059,2025-04-11T01:17:25.000Z,30.57,47.98,BuildingB_Floor2,TypeB
1042,2025-04-07T16:34:09.000Z,16.82,39.42,BuildingA_Floor2,TypeB
1011,2025-04-10T22:08:09.000Z,29.96,42.84,BuildingB_Floor2,TypeA
1055,2025-04-10T10:16:05.000Z,31.81,76.45,BuildingA_Floor2,TypeC
1083,2025-04-11T13:48:39.000Z,15.32,68.72,BuildingA_Floor2,TypeC
1027,2025-04-08T03:12:56.000Z,23.22,48.9,BuildingA_Floor2,TypeB
1074,2025-04-10T20:06:58.000Z,30.06,66.99,BuildingB_Floor1,TypeC
1076,2025-04-11T02:44:46.000Z,31.97,34.96,BuildingA_Floor2,TypeA
1054,2025-04-11T08:52:48.000Z,24.9,50.56,BuildingB_Floor2,TypeC
1085,2025-04-09T10:18:38.000Z,21.56,45.15,BuildingB_Floor2,TypeA
1025,2025-04-10T21:52:33.000Z,29.57,32.59,BuildingB_Floor1,TypeA
1075,2025-04-10T22:05:12.000Z,24.86,47.45,BuildingB_Floor1,TypeB
1015,2025-04-09T23:48:48.000Z,18.06,50.67,BuildingA_Floor2,TypeA
1063,2025-04-07T04:20:04.000Z,34.65,34.42,BuildingB_Floor2,TypeB
1065,2025-04-10T12:22:46.000Z,29.5,37.44,BuildingA_Floor2,TypeB
1049,2025-04-11T13:14:51.000Z,31.39,54.58,BuildingA_Floor2,TypeC
1027,2025-04-10T04:09:18.000Z,24.49,36.44,BuildingA_Floor2,TypeA
1086,2025-04-09T13:41:01.000Z,27.19,55.75,BuildingA_Floor2,TypeA
1090,2025-04-08T15:17:53.000Z,28.29,75.01,BuildingB_Floor1,TypeB
1063,2025-04-11T04:34:00.000Z,23.21,43.46,BuildingA_Floor2,TypeB
1014,2025-04-08T20:47:09.000Z,23.74,64.38,BuildingA_Floor1,TypeA
1079,2025-04-10T04:38:46.000Z,20.66,57.86,BuildingA_Floor2,TypeB
1027,2025-04-10T04:57:14.000Z,32.26,68.88,BuildingA_Floor2,TypeB
1089,2025-04-10T09:35:19.000Z,20.33,73.79,BuildingB_Floor1,TypeB
1053,2025-04-08T23:27:20.000Z,23.92,38.34,BuildingA_Floor1,TypeA
1003,2025-04-11T14:50:19.000Z,25.03,61.35,BuildingB_Floor2,TypeC
1072,2025-04-11T19:03:15.000Z,17.11,35.41,BuildingA_Floor1,TypeB
1044,2025-04-07T14:19:36.000Z,16.99,63.3,BuildingA_Floor2,TypeB
1002,2025-04-08T05:37:20.000Z,19.07,51.43,BuildingA_Floor2,TypeA
1026,2025-04-09T16:13:27.000Z,24.53,31.57,BuildingA_Floor2,TypeB
1044,2025-04-11T13:19:16.000Z,32.99,72.94,BuildingA_Floor2,TypeB
1050,2025-04-09T07:22:11.000Z,15.34,76.98,BuildingA_Floor2,TypeA
1056,2025-04-10T21:20:41.000Z,24.91,37.34,BuildingB_Floor1,TypeC
1011,2025-04-11T14:18:18.000Z,33.93,71.88,BuildingB_Floor2,TypeC
1029,2025-04-07T03:32:05.000Z,30.6,31.18,BuildingB_Floor2,TypeB
1074,2025-04-10T12:34:11.000Z,17.26,77.83,BuildingA_Floor1,TypeB
1020,2025-04-11T17:01:11.000Z,29.93,71.53,BuildingA_Floor1,TypeA
1049,2025-04-08T11:25:05.000Z,28.85,31.13,BuildingB_Floor1,TypeA
1075,2025-04-10T02:28:25.000Z,26.27,53.48,BuildingB_Floor1,TypeA
1002,2025-04-09T16:11:03.000Z,32.86,68.61,BuildingA_Floor1,TypeA
1030,2025-04-10T10:30:11.000Z,30.94,73.81,BuildingA_Floor2,TypeB
1083,2025-04-09T16:46:41.000Z,21.41,60.0,BuildingA_Floor1,TypeA
1048,2025-04-08T09:57:34.000Z,34.55,51.5,BuildingB_Floor2,TypeB
1092,2025-04-07T05:32:45.000Z,30.75,51.78,BuildingA_Floor1,TypeC
1015,2025-04-09T16:45:44.000Z,16.98,32.93,BuildingB_Floor1,TypeC
1078,2025-04-09T13:28:47.000Z,29.3,32.1,BuildingA_Floor2,TypeC
1078,2025-04-07T18:31:38.000Z,18.39,67.87,BuildingB_Floor2,TypeB
1045,2025-04-11T07:59:56.000Z,17.44,51.12,BuildingA_Floor2,TypeA
1076,2025-04-07T09:50:58.000Z,22.19,47.95,BuildingA_Floor1,TypeA
1053,2025-04-11T12:59:39.000Z,15.72,46.91,BuildingA_Floor2,TypeA
1070,2025-04-07T14:22:41.000Z,27.95,34.77,BuildingA_Floor1,TypeC
1019,2025-04-07T16:28:40.000Z,15.58,30.84,BuildingB_Floor2,TypeA
1053,2025-04-07T17:18:55.000Z,30.12,57.2,BuildingA_Floor1,TypeB
1022,2025-04-10T05:41:09.000Z,17.9,75.73,BuildingB_Floor2,TypeA
1081,2025-04-10T11:46:36.000Z,17.58,43.92,BuildingB_Floor2,TypeA
1008,2025-04-11T08:13:54.000Z,15.7,58.31,BuildingA_Floor1,TypeA
1041,2025-04-07T22:26:38.000Z,25.13,31.76,BuildingA_Floor2,TypeC
1100,2025-04-07T12:42:14.000Z,20.1,34.35,BuildingA_Floor2,TypeA
1050,2025-04-08T21:04:40.000Z,20.19,65.09,BuildingA_Floor2,TypeC
1057,2025-04-08T11:51:44.000Z,33.86,39.33,BuildingB_Floor1,TypeB
1051,2025-04-12T02:36:08.000Z,15.65,62.63,BuildingA_Floor1,TypeA
1019,2025-04-08T20:11:13.000Z,32.49,37.04,BuildingA_Floor1,TypeC
1077,2025-04-10T14:29:09.000Z,22.13,30.52,BuildingB_Floor2,TypeB
1038,2025-04-09T12:36:45.000Z,21.79,74.48,BuildingB_Floor1,TypeB
1007,2025-04-08T04:30:56.000Z,31.42,77.63,BuildingB_Floor1,TypeC
1025,2025-04-10T11:03:55.000Z,23.54,34.74,BuildingB_Floor1,TypeB
1094,2025-04-11T12:17:59.000Z,23.5,48.33,BuildingA_Floor1,TypeC
1072,2025-04-10T20:48:35.000Z,30.79,51.07,BuildingB_Floor2,TypeA
1016,2025-04-10T03:20:27.000Z,27.93,62.19,BuildingB_Floor2,TypeB
1088,2025-04-11T17:06:58.000Z,25.24,78.57,BuildingA_Floor2,TypeC
1010,2025-04-11T16:49:33.000Z,32.59,73.15,BuildingB_Floor2,TypeC
1059,2025-04-07T18:14:44.000Z,21.1,38.15,BuildingB_Floor2,TypeC
1024,2025-04-10T07:48:38.000Z,33.2,42.48,BuildingA_Floor1,TypeC
1003,2025-04-07T13:28:25.000Z,15.95,52.02,BuildingB_Floor2,TypeA
1051,2025-04-09T01:43:09.000Z,22.91,69.15,BuildingA_Floor1,TypeB
1001,2025-04-09T23:35:38.000Z,27.77,57.51,BuildingA_Floor2,TypeA
1060,2025-04-10T09:22:03.000Z,23.67,40.28,BuildingB_Floor1,TypeA
1066,2025-04-09T07:50:35.000Z,21.69,51.67,BuildingB_Floor2,TypeB
1070,2025-04-07T20:32:02.000Z,18.61,71.93,BuildingA_Floor2,TypeB
1085,2025-04-10T04:15:18.000Z,18.54,73.19,BuildingB_Floor2,TypeA
1031,2025-04-08T18:17:01.000Z,21.57,75.05,BuildingB_Floor2,TypeC
1016,2025-04-11T18:41:04.000Z,15.25,54.55,BuildingA_Floor2,TypeC
1032,2025-04-10T17:28:50.000Z,24.31,75.56,BuildingB_Floor1,TypeC
1053,2025-04-09T00:33:10.000Z,27.19,75.18,BuildingA_Floor2,TypeC
1011,2025-04-09T05:16:12.000Z,26.19,56.95,BuildingB_Floor1,TypeA
1083,2025-04-12T01:43:15.000Z,16.17,34.8,BuildingA_Floor2,TypeC
1064,2025-04-10T13:02:30.000Z,21.39,48.37,BuildingB_Floor2,TypeB
1085,2025-04-11T23:28:21.000Z,28.91,64.6,BuildingB_Floor2,TypeB
1003,2025-04-10T09:49:49.000Z,27.29,63.21,BuildingB_Floor1,TypeB
1019,2025-04-09T14:15:04.000Z,29.63,52.77,BuildingB_Floor1,TypeA
1093,2025-04-11T23:04:00.000Z,34.6,53.19,BuildingB_Floor2,TypeB
1059,2025-04-09T10:33:57.000Z,25.37,64.23,BuildingA_Floor1,TypeC
1054,2025-04-10T09:09:14.000Z,28.92,65.22,BuildingA_Floor2,TypeB
1083,2025-04-10T14:05:48.000Z,34.51,39.88,BuildingA_Floor2,TypeA
1043,2025-04-10T01:58:52.000Z,27.59,76.57,BuildingA_Floor1,TypeA
1065,2025-04-07T21:52:37.000Z,30.67,33.22,BuildingA_Floor2,TypeC
1080,2025-04-07T04:31:09.000Z,19.85,43.17,BuildingA_Floor1,TypeA
1036,2025-04-07T14:09:45.000Z,30.77,33.97,BuildingB_Floor2,TypeA
1016,2025-04-10T04:48:29.000Z,27.02,31.57,BuildingA_Floor2,TypeB
1004,2025-04-10T23:00:39.000Z,17.08,66.02,BuildingA_Floor2,TypeA
1056,2025-04-09T05:29:16.000Z,21.73,66.91,BuildingB_Floor1,TypeB
1069,2025-04-10T02:57:14.000Z,25.71,34.01,BuildingA_Floor1,TypeA
1054,2025-04-09T22:27:47.000Z,34.22,31.13,BuildingB_Floor1,TypeB
1037,2025-04-09T18:41:31.000Z,20.08,30.86,BuildingA_Floor1,TypeA
1051,2025-04-09T04:41:11.000Z,20.44,46.31,BuildingB_Floor1,TypeC
1058,2025-04-12T00:52:03.000Z,32.12,45.55,BuildingA_Floor2,TypeC
1048,2025-04-08T18:57:36.000Z,27.61,61.07,BuildingB_Floor2,TypeB
1064,2025-04-10T19:35:28.000Z,23.88,52.3,BuildingA_Floor1,TypeC
1028,2025-04-10T03:09:11.000Z,16.84,79.12,BuildingB_Floor2,TypeC
1094,2025-04-07T21:54:13.000Z,34.62,69.71,BuildingA_Floor1,TypeC
1019,2025-04-10T15:02:41.000Z,32.52,53.28,BuildingB_Floor2,TypeC
1003,2025-04-10T05:55:20.000Z,21.51,60.23,BuildingA_Floor2,TypeA
1044,2025-04-09T06:29:28.000Z,25.47,33.49,BuildingA_Floor1,TypeB
1020,2025-04-08T03:56:29.000Z,24.61,40.63,BuildingA_Floor2,TypeB
1017,2025-04-07T06:00:16.000Z,23.93,59.13,BuildingA_Floor1,TypeB
1052,2025-04-10T11:53:46.000Z,27.13,35.46,BuildingB_Floor1,TypeA
1081,2025-04-07T15:06:19.000Z,18.79,58.04,BuildingB_Floor1,TypeA
1059,2025-04-09T19:06:55.000Z,20.67,30.63,BuildingB_Floor2,TypeC
1061,2025-04-09T05:22:33.000Z,32.81,73.76,BuildingB_Floor2,TypeB
1086,2025-04-09T04:23:06.000Z,26.63,77.74,BuildingB_Floor2,TypeA
1042,2025-04-11T00:44:02.000Z,25.79,62.7,BuildingB_Floor2,TypeB
1016,2025-04-07T17:28:11.000Z,15.29,50.33,BuildingB_Floor2,TypeB
1071,2025-04-08T14:10:06.000Z,25.43,33.43,BuildingB_Floor2,TypeB
1078,2025-04-09T08:16:31.000Z,24.6,66.34,BuildingA_Floor1,TypeC
1000,2025-04-10T05:32:00.000Z,28.2,58.55,BuildingA_Floor1,TypeA
1013,2025-04-09T20:12:47.000Z,29.4,56.71,BuildingA_Floor2,TypeB
1090,2025-04-07T15:50:08.000Z,24.3,77.9,BuildingB_Floor1,TypeB
1097,2025-04-09T10:13:46.000Z,22.52,59.94,BuildingB_Floor1,TypeC
1091,2025-04-09T01:44:08.000Z,17.5,36.58,BuildingB_Floor2,TypeC
1090,2025-04-07T17:59:40.000Z,23.79,37.13,BuildingB_Floor2,TypeC
